ca_id	part_id	site_id	mclust	clust_hard	clust_col
3588	1	15565	1	1	1
6823	1	2737	1	1	1
16118	1	5265	1	1	1
3552	1	11783	1	1	1
8664	1	12042	1	1	1
139	1	1005	1	1	1
381	1	1013	1	1	1
17960	1	1968	1	1	1
8584	1	11911	1	1	1
3556	1	12731	1	1	1
843	1	6675	1	1	1
3511	1	11783	1	1	1
1080	1	1056	1	1	1
448	1	1072	1	1	1
15960	1	5266	1	1	1
3493	1	15469	1	1	1
92706	1	11934	1	1	1
386	1	1013	1	1	1
1626	1	115113	1	1	1
400	1	1037	1	1	1
1841	1	115174	1	1	1
539	1	1080	1	1	1
92703	1	11934	1	1	1
3551	1	11783	1	1	1
1621	1	115115	1	1	1
494	1	1067	1	1	1
1709	1	6674	1	1	1
92700	1	11934	1	1	1
3592	1	15565	1	1	1
6747	1	2262	1	1	1
109	1	6661	1	1	1
99	1	6661	1	1	1
1619	1	115130	1	1	1
8749	1	15375	1	1	1
12240	1	5266	1	1	1
1954	1	1038	1	1	1
16054	1	5266	1	1	1
506	1	1040	1	1	1
8813	1	11786	1	1	1
15991	1	5266	1	1	1
105	1	6661	1	1	1
8674	1	15238	1	1	1
17883	1	5901	1	1	1
8573	1	11911	1	1	1
128	1	1042	1	1	1
29940	1	5266	1	1	1
3549	1	11783	1	1	1
8758	1	15375	1	1	1
11804	1	2192	1	1	1
996	1	115132	1	1	1
1652	1	115173	1	1	1
3580	1	14429	1	1	1
77777	1	1182	1	1	1
21292	1	318	1	1	1
918	1	1112	1	1	1
3581	1	14428	1	1	1
1840	1	115174	1	1	1
420	1	1002	1	1	1
399	1	1037	1	1	1
1616	1	115223	1	1	1
15932	1	5266	1	1	1
3553	1	11783	1	1	1
8583	1	11911	1	1	1
15921	1	5266	1	1	1
92697	1	11934	1	1	1
8825	1	12378	1	1	1
6848	1	83	1	1	1
11806	1	2192	1	1	1
293	1	1127	1	1	1
13580	1	12191	1	1	1
8630	1	14493	1	1	1
378	1	1013	1	1	1
2105	1	12581	1	1	1
2079	1	12581	1	1	1
17872	1	5901	1	1	1
387	1	1013	1	1	1
6732	1	2262	1	1	1
61123	1	12007	1	1	1
8615	1	14085	1	1	1
1827	1	115125	1	1	1
12262	1	5266	1	1	1
15963	1	5266	1	1	1
21293	1	318	1	1	1
104	1	6661	1	1	1
1808	1	115205	1	1	1
3557	1	12731	1	1	1
8843	1	15660	1	1	1
61132	1	12007	1	1	1
92702	1	11934	1	1	1
15914	1	5266	1	1	1
1650	1	115115	1	1	1
3513	1	14791	1	1	1
299	1	1127	1	1	1
8632	1	14493	1	1	1
6846	1	83	1	1	1
3591	1	15565	1	1	1
3507	1	14435	1	1	1
8761	1	15375	1	1	1
538	1	1080	1	1	1
1753	1	6672	1	1	1
3585	1	15565	1	1	1
8782	1	13145	1	1	1
1613	1	115222	1	1	1
50276	1	271	1	1	1
8831	1	15668	1	1	1
17886	1	5901	1	1	1
8624	1	14493	1	1	1
1695	1	115190	1	1	1
1328	1	115135	1	1	1
1620	1	115175	1	1	1
980149	1	1094	1	1	1
519	1	1067	1	1	1
1046	1	115161	1	1	1
515	1	1067	1	1	1
545	1	1080	1	1	1
8663	1	12042	1	1	1
1800	1	115122	1	1	1
3521	1	13216	1	1	1
980148	1	1094	1	1	1
61126	1	12007	1	1	1
1623	1	115117	1	1	1
8575	1	11911	1	1	1
917	1	1112	1	1	1
17878	1	5901	1	1	1
92701	1	11934	1	1	1
1603	1	115171	1	1	1
3495	1	12710	1	1	1
24970	1	14069	1	1	1
1695	1	115168	1	1	1
3509	1	10806	1	1	1
3547	1	11783	1	1	1
1624	1	115155	1	1	1
8581	1	11911	1	1	1
425	1	1035	1	1	1
3517	1	10807	1	1	1
8631	1	13994	1	1	1
3802	1	5410	1	1	1
550	1	1080	1	1	1
9160	1	14377	1	1	1
9371	1	14210	1	1	1
757	1	6662	1	1	1
492	1	1067	1	1	1
12242	1	5266	1	1	1
463	1	1072	1	1	1
8578	1	11911	1	1	1
92696	1	11934	1	1	1
6840	1	83	1	1	1
1821	1	115141	1	1	1
3514	1	14791	1	1	1
8753	1	15375	1	1	1
15920	1	5266	1	1	1
1659	1	115102	1	1	1
1977	1	115214	1	1	1
3542	1	12455	1	1	1
8760	1	15375	1	1	1
8634	1	14493	1	1	1
1969	1	12581	1	1	1
61133	1	12007	1	1	1
3558	1	12731	1	1	1
8546	1	11148	1	1	1
1627	1	115189	1	1	1
1666	1	115191	1	1	1
3545	1	11783	1	1	1
8576	1	11911	1	1	1
15961	1	5266	1	1	1
8823	1	12378	1	1	1
1838	1	115221	1	1	1
8750	1	15375	1	1	1
3512	1	11783	1	1	1
1611	1	115148	1	1	1
3559	1	12731	1	1	1
1632	1	115184	1	1	1
16046	1	5266	1	1	1
3519	1	11949	1	1	1
18276	1	1029	1	1	1
1709	1	115136	1	1	1
8580	1	11911	1	1	1
1654	1	115175	1	1	1
3524	1	12621	1	1	1
8713	1	14062	1	1	1
1839	1	115174	1	1	1
8756	1	15375	1	1	1
3560	1	13906	1	1	1
17647	1	2737	1	1	1
32	1	901	1	1	1
6751	1	2262	1	1	1
16121	1	115154	1	1	1
385	1	1013	1	1	1
17620	1	2486	1	1	1
61127	1	12007	1	1	1
1601	1	115129	1	1	1
8762	1	15375	1	1	1
3596	1	15565	1	1	1
8797	1	10634	1	1	1
8633	1	15621	1	1	1
3573	1	10574	1	1	1
8572	1	11911	1	1	1
1648	1	115211	1	1	1
6752	1	2262	1	1	1
3503	1	14016	1	1	1
8798	1	14222	1	1	1
12251	1	5266	1	1	1
3491	1	14272	1	1	1
3501	1	15302	1	1	1
3515	1	14791	1	1	1
1842	1	115110	1	1	1
379	1	1013	1	1	1
8720	1	15660	1	1	1
3497	1	13698	1	1	1
50282	1	271	1	1	1
595	1	251151	1	1	1
6821	1	2737	1	1	1
1650	1	115207	1	1	1
3504	1	14016	1	1	1
383	1	1013	1	1	1
92705	1	11934	1	1	1
24855	1	15292	1	1	1
1963	1	115176	1	1	1
3555	1	12731	1	1	1
3550	1	11783	1	1	1
92699	1	11934	1	1	1
3544	1	11783	1	1	1
1047	1	115169	1	1	1
2089	1	13838	1	1	1
8842	1	15660	1	1	1
6864	1	83	1	1	1
8788	1	12062	1	1	1
581	1	6686	1	1	1
1634	1	115112	1	1	1
549	1	1080	1	1	1
92148	1	11934	1	1	1
8754	1	15375	1	1	1
8790	1	12062	1	1	1
15977	1	5266	1	1	1
8547	1	11148	1	1	1
61131	1	12007	1	1	1
90	1	306	1	1	1
1754	1	6673	1	1	1
24833	1	15292	1	1	1
3502	1	12940	1	1	1
92695	1	11934	1	1	1
17769	1	120	1	1	1
8548	1	11148	1	1	1
100	1	6661	1	1	1
8626	1	14493	1	1	1
3587	1	15565	1	1	1
1804	1	115146	1	1	1
8844	1	15425	1	1	1
12241	1	5266	1	1	1
432	1	1035	1	1	1
12071	1	11146	1	1	1
3510	1	14229	1	1	1
560	1	1079	1	1	1
1710	1	115182	1	1	1
6800	1	2737	1	1	1
6851	1	83	1	1	1
1952	1	1038	1	1	1
66900	1	15561	1	1	1
154	1	1172	1	1	1
8792	1	12062	1	1	1
15990	1	5266	1	1	1
182	1	1027	1	1	1
8665	1	15621	1	1	1
50252	1	271	1	1	1
1614	1	115119	1	1	1
980110	1	1094	1	1	1
109	1	115156	1	1	1
8544	1	11148	1	1	1
8830	1	11395	1	1	1
96	1	6661	1	1	1
3598	1	15565	1	1	1
3572	1	10574	1	1	1
6501	1	14234	1	1	1
92698	1	11934	1	1	1
15929	1	5266	1	1	1
16027	1	5266	1	1	1
76754	1	5511	1	1	1
92146	1	11934	1	1	1
106	1	115156	1	1	1
15950	1	5266	1	1	1
384	1	1013	1	1	1
3500	1	10537	1	1	1
465	1	1072	1	1	1
12253	1	5266	1	1	1
12066	1	11146	1	1	1
382	1	1013	1	1	1
8582	1	11911	1	1	1
92704	1	11934	1	1	1
31	1	901	1	1	1
3494	1	14016	1	1	1
1633	1	115170	1	1	1
321	1	1020	1	1	1
30	1	901	1	1	1
933	1	115126	1	1	1
295	1	1112	1	1	1
92694	1	11934	1	1	1
1787	1	115216	1	1	1
3600	1	15565	1	1	1
8545	1	11148	1	1	1
1664	1	115101	1	1	1
8757	1	15375	1	1	1
1953	1	1038	1	1	1
1617	1	115194	1	1	1
3564	1	15945	1	1	1
9871	1	2192	1	1	1
1801	1	115122	1	1	1
3601	1	15565	1	1	1
8570	1	11911	1	1	1
94	1	6661	1	1	1
375	1	1013	1	1	1
8712	1	10958	1	1	1
3499	1	11955	1	1	1
3520	1	11956	1	1	1
3506	1	10225	1	1	1
3522	1	14481	1	1	1
8789	1	12062	1	1	1
415	1	1002	1	1	1
8587	1	11911	1	1	1
8662	1	15621	1	1	1
1602	1	115127	1	1	1
1303	3	130	1	1	1
8625	1	14493	1	1	1
3505	1	14016	1	1	1
373	1	1013	1	1	1
1636	1	115208	1	1	1
3546	1	14434	1	1	1
1653	1	115218	1	1	1
8671	1	11911	1	1	1
8824	1	12378	1	1	1
61134	1	10187	1	1	1
842	1	6675	1	1	1
1625	1	115107	1	1	1
61130	1	12007	1	1	1
18047	1	2748	1	1	1
88	1	6661	1	1	1
3589	1	15565	1	1	1
422	1	1002	1	1	1
376	1	1013	1	1	1
8724	1	15660	1	1	1
8787	1	12062	1	1	1
8752	1	15375	1	1	1
8765	1	15375	1	1	1
8549	1	13099	1	1	1
1621	1	115207	1	1	1
6745	1	2262	1	1	1
15928	1	5266	1	1	1
8561	1	11911	1	1	1
3571	1	10574	1	1	1
1708	1	6674	1	1	1
9999465	1	6667	1	1	1
92083	1	11934	1	1	1
15946	1	5266	1	1	1
1612	1	115154	1	1	1
374	1	1013	1	1	1
3543	1	11783	1	1	1
16041	1	5266	1	1	1
61136	1	10187	1	1	1
3496	1	15302	1	1	1
8791	1	12062	1	1	1
8550	1	13099	1	1	1
1663	1	115203	1	1	1
3590	1	15565	1	1	1
3570	1	10574	1	1	1
50338	1	6434	1	1	1
380	1	1013	1	1	1
1643	1	115212	1	1	1
24879	1	14069	1	1	1
1755	1	6673	1	1	1
229	1	292	1	2	2
8796	1	11691	1	1	1
91	1	306	1	1	1
516	1	1067	1	1	1
21294	1	318	1	1	1
3492	1	14016	1	1	1
3554	1	11783	1	1	1
421	1	1002	1	1	1
17879	1	5901	1	1	1
297	1	1112	1	1	1
3584	1	15565	1	1	1
377	1	1013	1	1	1
21320	1	1015	1	1	1
8832	1	10875	1	1	1
8585	1	11911	1	1	1
92147	1	11934	1	1	1
3498	1	14016	1	1	1
803	1	115118	1	1	1
8763	1	15375	1	1	1
1756	1	6673	1	1	1
3548	1	11783	1	1	1
3574	1	10574	1	1	1
65	1	6687	1	1	1
284	1	1112	1	1	1
8579	1	11911	1	1	1
8764	1	15375	1	1	1
108	1	6661	1	1	1
532	1	1067	1	1	1
3583	1	15565	1	1	1
3586	1	15565	1	1	1
17618	1	2486	1	1	1
1604	1	115106	1	1	1
3561	1	14050	1	1	1
8574	1	11911	1	1	1
181	1	1027	1	1	1
1644	1	115158	1	1	1
24968	1	14069	1	1	1
6814	1	2737	2	1	3
76726	1	5511	2	1	3
435	1	1035	2	3	3
18187	1	1015	2	2	2
980077	1	1094	2	4	4
9412	1	12072	2	3	3
18365	1	1014	2	4	4
9405	1	12074	2	1	3
17652	1	2737	2	3	3
18350	1	1014	2	4	2
9414	1	12072	2	3	3
381	1	1166	2	3	4
17896	1	5901	2	3	3
17905	1	5901	2	1	3
18160	1	1029	2	4	4
9415	1	12072	2	4	4
5	2	901	2	4	4
144	1	1005	2	1	3
980044	1	1094	2	4	4
9432	1	13201	2	4	4
76760	1	5511	2	3	3
980119	1	1094	2	4	4
999992	1	1036	2	4	4
9434	1	13201	2	3	3
1101	1	1031	2	4	4
96	1	1042	2	3	3
1075	1	1031	2	3	3
980163	1	1096	2	3	3
151	1	1005	2	3	3
17603	1	5303	2	3	3
18368	1	1014	2	4	4
980056	1	1094	2	3	3
980065	1	1094	2	2	2
980139	1	1094	2	3	3
16084	1	5265	2	1	3
980095	1	1094	2	4	4
980115	1	1094	2	4	2
17712	1	4205	2	1	3
980049	1	1094	2	3	3
980146	1	1094	2	1	3
980060	1	1094	2	3	3
5344	1	1134	2	1	3
619	1	1093	2	1	3
18405	1	1014	2	4	4
313	1	1007	2	3	3
152	1	1005	2	3	3
1079	1	1056	2	3	3
63238	1	3115	2	3	3
980087	1	1094	2	4	4
18187	1	1014	2	2	2
1072	1	1031	2	4	4
76755	1	5511	2	1	3
6336	1	1009	2	4	4
7374	1	1041	2	4	3
155	1	1005	2	3	4
980071	1	1094	2	4	2
124	1	1029	2	4	4
980168	1	1096	2	4	3
145	1	1005	2	1	3
18391	1	1014	2	4	4
980134	1	1094	2	4	4
76728	1	5511	2	1	3
16	1	1081	2	3	3
980042	1	1094	2	4	4
18352	1	1015	2	4	4
154	1	1005	2	3	3
6733	1	2262	2	4	4
150	1	1005	2	1	3
9406	1	12072	2	4	4
108	1	1042	2	4	4
18366	1	1015	2	4	4
24102	1	2192	2	3	3
441	1	1055	2	3	3
148	1	1005	2	3	3
17900	1	5901	2	4	4
121	1	1042	2	3	3
980162	1	1096	2	3	3
9337	1	13970	2	4	4
63247	1	2356	2	1	1
980043	1	1094	2	4	4
17944	1	1968	2	3	3
177	1	1005	2	4	4
24087	1	5410	2	1	1
980054	1	1094	2	4	2
9407	1	12072	2	4	4
16096	1	5265	2	3	3
18357	1	1015	2	4	4
76722	1	5511	2	1	3
17758	1	120	2	3	3
17891	1	5901	2	3	3
11808	1	2192	2	3	3
81	1	1029	2	4	4
980164	1	1096	2	4	4
143	1	1005	2	1	1
1071	1	1031	2	3	3
61124	1	12007	2	4	3
17946	1	1968	2	3	3
21329	1	1029	2	3	3
6337	1	1009	2	4	4
17627	1	2459	2	3	3
17980	1	1968	2	1	3
16126	1	5265	2	1	3
1102	1	1031	2	3	3
980076	1	1094	2	4	4
161	1	1005	2	3	4
18351	1	1014	2	4	4
12239	1	5266	2	4	4
17909	1	5901	2	1	3
17602	1	5303	2	3	3
980059	1	1094	2	3	4
106	1	1042	2	4	2
542	1	1080	2	4	3
119	1	1042	2	2	2
17981	1	1968	2	3	3
999991	1	1036	2	1	1
18191	1	1014	2	4	4
980068	1	1094	2	4	2
12229	1	5266	2	3	3
18268	1	1029	2	3	3
980167	1	1096	2	3	3
480	1	1076	2	4	4
1082	1	1031	2	3	4
980125	1	1094	2	4	4
16098	1	5265	2	1	3
376	1	1029	2	4	4
76730	1	5511	2	3	3
1074	1	1031	2	3	3
980069	1	1094	2	4	4
146	1	1005	2	1	3
3803	1	5410	2	1	1
17920	1	5901	2	3	3
93	1	1042	2	4	2
16134	1	5265	2	3	3
980160	1	1096	2	4	4
165	1	1005	2	3	3
21064	1	1093	2	4	4
169	1	1005	2	3	3
15933	1	5266	2	4	4
980133	1	1094	2	2	2
1083	1	1031	2	1	3
123	1	1042	2	4	4
980147	1	1094	2	1	3
980052	1	1094	2	4	4
18267	1	1029	2	4	4
9893	1	2192	2	1	3
9397	1	14022	2	3	3
24882	1	14069	2	3	3
11739	1	561	2	3	3
101	1	1093	2	4	4
980127	1	1094	2	4	2
145	1	1029	2	3	3
88	1	1042	2	3	4
980124	1	1094	2	1	3
1076	1	1031	2	3	3
999993	1	1036	2	4	4
149	1	1005	2	1	3
45246	1	12007	2	4	3
980145	1	1094	2	3	3
319	1	1015	2	4	4
6338	1	1009	2	4	4
17961	1	1968	2	1	1
6335	1	1009	2	4	4
333	1	1014	2	3	3
140	1	1005	2	1	1
980153	1	1094	2	4	4
980051	1	1094	2	3	3
980074	1	1094	2	4	4
1073	1	1031	2	3	3
11750	1	561	2	1	3
980170	1	1097	2	3	3
7381	1	1041	2	1	3
76731	1	5511	2	3	3
7373	1	1041	2	4	4
156	1	1005	2	3	3
771	1	1004	2	4	4
172	1	1029	2	4	4
142	1	1005	2	1	3
444	1	1051	2	3	3
308	1	1060	2	4	4
18373	1	1015	2	4	4
18355	1	1014	2	4	4
980061	1	1094	2	4	4
6339	1	1009	2	4	4
980046	1	1094	3	3	4
980070	1	1094	3	4	2
980041	1	1094	3	3	4
162	1	1005	3	3	4
166	1	1029	3	4	2
98	1	1042	3	4	2
980045	1	1094	3	4	2
7	1	1056	3	4	4
980062	1	1094	3	3	4
2208	1	1032	3	3	4
1405	1	1009	3	3	4
17919	1	5901	3	1	3
64	1	1029	3	4	4
980169	1	1097	3	4	2
980093	1	1094	3	4	4
999994	1	1036	3	2	2
158	1	1005	3	3	4
1404	1	1009	3	4	2
980047	1	1094	3	4	2
999997	1	1030	3	4	4
332	1	1015	3	4	4
980128	1	1094	3	4	2
980066	1	1094	3	4	2
133	1	1029	3	3	4
63222	1	3115	3	4	2
97	1	1042	3	4	4
980055	1	1094	3	4	4
1406	1	1009	3	3	4
980064	1	1094	3	4	4
980022	1	1094	3	4	2
166	1	1005	3	3	4
76724	1	5511	3	4	4
999995	1	1030	3	4	4
118	1	1042	3	4	4
980067	1	1094	3	4	4
107	1	1042	3	4	2
17898	1	5901	3	1	3
153	1	1005	3	3	3
14072	1	1009	3	3	4
980118	1	1094	3	4	2
980035	1	1094	3	4	4
980040	1	1094	3	4	4
17918	1	5901	3	1	3
205	1	1029	3	4	4
980063	1	1094	3	4	4
85	1	1042	3	4	2
371	1	1029	3	4	4
312	1	1014	3	4	2
29	1	901	3	4	2
30147	1	303481	3	4	4
525	1	1067	4	2	2
8	1	901	4	2	2
16	1	901	4	2	2
210	1	290	4	2	2
15	1	901	4	2	2
22	1	901	4	2	2
12	1	901	4	2	2
17	1	901	4	2	2
18	1	901	4	2	2
19	1	901	4	2	2
14	1	901	4	2	2
3	3	901	4	2	2
1012	1	1012	4	2	2
27	1	901	4	2	2
509	1	1040	4	2	2
9	1	901	4	2	2
13	1	901	4	2	2
49526	1	6213	6	1	1
24830	1	15292	6	4	3
234	1	310	6	3	3
487	1	1074	6	4	3
112	1	115213	6	1	1
247	1	305	6	3	3
334	1	1011	6	1	1
21278	1	318	6	3	3
6342	1	1009	6	3	3
701	1	1195	6	3	3
290	1	1042	6	3	3
433	1	1079	6	3	3
21290	1	318	6	1	1
257	1	282	6	3	3
49473	1	6240	6	4	3
2006	1	115225	6	1	1
620	1	1082	6	3	3
50323	1	271	6	4	3
5204	1	1132	6	1	1
980094	1	1094	6	3	1
5207	1	1134	6	3	3
147	1	302	6	3	3
496	1	1065	6	1	1
337	1	1010	6	1	1
18161	1	1029	6	3	3
108	1	304	6	1	1
175	1	285	6	4	3
390	1	1013	6	3	3
49488	1	6224	6	4	4
265	1	1127	6	3	1
57	1	1153	6	3	3
489	1	1074	6	3	1
332	1	1011	6	1	1
980028	1	1094	6	3	3
24905	1	14069	6	1	1
888	1	115210	6	1	1
980151	1	1094	6	1	1
171	1	1005	6	4	3
584	1	1088	6	4	4
4721	1	1188	6	3	3
15945	1	5266	6	3	3
17664	1	2737	6	1	1
50297	1	271	6	4	4
24826	1	15292	6	3	3
49483	1	6224	6	4	3
21311	1	322	6	1	1
136	1	1172	6	1	1
24090	1	5410	6	1	1
119	1	115115	6	1	1
16157	1	11000	6	3	3
18285	1	1034	6	4	3
50341	1	6405	6	1	1
607	1	1088	6	4	4
49524	1	6213	6	1	1
928	1	1049	6	1	1
49535	1	6213	6	4	3
90	1	6661	6	3	3
8741	1	13862	6	1	1
21327	1	1029	6	4	4
614	1	1091	6	3	3
5194	1	1133	6	4	3
391	1	1044	6	4	3
178	1	281	6	3	3
49530	1	6213	6	3	3
20130	1	12007	6	3	1
533	1	1063	6	4	4
41326	1	5257	6	1	1
189	1	290	6	3	1
49518	1	6215	6	4	4
5193	1	1133	6	3	3
163	1	310	6	3	3
17737	1	2737	6	1	1
195	1	1033	6	4	3
406	1	1002	6	1	1
417	1	1002	6	1	1
18291	1	1029	6	4	4
230	1	278	6	4	3
272	1	1042	6	4	4
361	1	1011	6	4	4
177	1	281	6	4	4
623	1	1082	6	3	3
49529	1	6213	6	1	1
122	1	1042	6	4	3
49522	1	6224	6	4	4
97	1	6661	6	1	1
18323	1	1029	6	4	3
18234	1	1015	6	4	4
17915	1	5901	6	1	1
5345	1	1142	6	1	1
49413	1	6208	6	3	3
5197	1	1119	6	1	1
50328	1	271	6	3	3
63223	1	3115	6	4	4
389	1	1013	6	4	3
18203	1	1015	6	4	4
21303	1	326	6	1	1
401	1	1037	6	3	3
18269	1	1029	6	3	3
49534	1	6213	6	3	1
50179	1	274	6	4	4
30140	1	303481	6	4	3
178	1	1005	6	4	3
24887	1	14069	6	1	1
149	1	308	6	3	3
50247	1	271	6	4	3
21312	1	322	6	1	1
18252	1	1029	6	4	3
117	1	1031	6	3	3
8827	1	15309	6	3	3
144	1	276	6	1	1
18335	1	320	6	3	3
8740	1	13862	6	1	1
18401	1	1014	6	4	4
292	1	1042	6	4	4
437	1	1055	6	4	4
18360	1	1015	6	3	1
24263	1	2192	6	1	1
447	1	1075	6	1	1
49416	1	6208	6	4	4
5202	1	1132	6	1	1
616	1	1091	6	4	3
21310	1	322	6	1	1
627	1	1082	6	3	1
30141	1	303481	6	4	4
503	1	1048	6	3	3
410	1	1002	6	1	1
45250	1	12007	6	3	3
256	1	1116	6	3	1
50273	1	271	6	4	3
465	1	1188	6	4	3
1011	1	1093	6	1	1
184	1	1140	6	3	3
5196	1	1119	6	3	1
50036	1	6338	6	3	3
29920	1	1968	6	3	3
169	1	287	6	3	3
398	1	1037	6	1	1
1788	1	115150	6	4	3
1332	1	115159	6	1	1
554	1	1080	6	3	1
50182	1	274	6	4	3
196	1	291	6	1	1
211	1	290	6	4	3
29963	1	15375	6	1	1
18261	1	1029	6	3	3
430	1	1035	6	1	1
326	1	1011	6	1	1
402	1	1037	6	1	1
428	1	1035	6	1	1
49475	1	6231	6	1	1
50176	1	274	6	3	3
20153	1	12007	6	1	1
30142	1	303481	6	4	4
594	1	1089	6	4	4
5195	1	1119	6	3	3
50308	1	271	6	1	1
49466	1	6227	6	4	4
24952	1	14069	6	1	1
49477	1	6224	6	4	4
3796	1	5410	6	1	1
609	1	1088	6	4	3
17966	1	1968	6	3	3
396	1	1022	6	1	1
49471	1	6216	6	3	3
41338	1	633	6	1	1
434	1	1035	6	1	1
49464	1	6214	6	3	3
18286	1	1034	6	3	3
200	1	298	6	4	3
63250	1	2356	6	3	3
162	1	310	6	3	3
5200	1	1118	6	4	3
18374	1	1015	6	3	3
20138	1	12007	6	1	1
49458	1	6214	6	4	3
454	1	1077	6	1	1
20134	1	12007	6	3	3
278	1	1042	6	4	4
1692	1	115149	6	3	3
50239	1	271	6	3	3
518	1	1067	6	1	1
17709	1	4205	6	3	1
353	1	1011	6	3	3
1713	1	115198	6	1	1
980152	1	1094	6	1	1
1009	1	1093	6	1	1
269	1	1127	6	1	1
980050	1	1094	6	4	3
5209	1	1148	6	1	1
948	1	1042	6	4	4
626	1	1082	6	4	3
615	1	1091	6	4	3
50236	1	271	6	1	1
18227	1	1015	6	4	3
307	1	1060	6	3	3
593	1	1082	6	4	3
45960	1	12007	6	1	1
523	1	1067	6	4	4
9999968	1	1030	6	3	3
9895	1	2192	6	1	1
21328	1	1029	6	1	1
5192	1	1133	6	4	4
102	1	315	6	4	3
63224	1	3115	6	4	3
30161	1	303481	6	1	1
18233	1	1015	6	4	4
610	1	1088	6	4	4
5205	1	1132	6	1	1
67	1	6687	6	1	1
934	1	115121	6	1	1
18220	1	1015	6	1	1
49467	1	6216	6	4	3
73	1	6687	6	3	3
9999969	1	1030	6	4	4
49418	1	6208	6	1	1
49425	1	6208	6	3	1
24071	1	5410	6	1	1
202	1	1033	6	4	4
431	1	1035	6	1	1
251	1	1127	6	3	3
18230	1	1015	6	3	3
442	1	1055	6	4	4
18331	1	321	6	3	3
49520	1	6224	6	4	4
18282	1	1034	6	3	3
246	1	305	6	3	3
49423	1	6208	6	3	3
409	1	1002	6	1	1
15986	1	5266	6	3	3
5240	1	1168	6	4	4
338	1	1011	6	3	3
6849	1	83	6	1	1
20152	1	12007	6	1	1
18369	1	1015	6	4	3
49462	1	6214	6	4	3
332	1	1173	6	3	3
21309	1	322	6	1	1
491	1	1067	6	1	1
540	1	1080	6	4	4
439	1	1055	6	3	3
12249	1	5266	6	3	3
18292	1	1029	6	4	4
30150	1	303481	6	1	1
236	1	299	6	3	3
18293	1	1029	6	3	3
9999965	1	1036	6	4	4
50037	1	6337	6	1	1
19303	1	1034	6	3	3
394	1	1022	6	1	1
8742	1	13862	6	1	1
3810	1	5410	6	1	1
980027	1	1094	6	1	1
17729	1	2737	6	1	1
253	1	1127	6	3	3
12258	1	5266	6	1	1
1331	1	115135	6	1	1
21286	1	318	6	3	3
541	1	1080	6	3	1
69	1	6687	6	4	3
17749	1	120	6	1	1
30157	1	303481	6	4	4
21277	1	318	6	1	1
267	1	1042	6	4	4
15962	1	5266	6	1	1
592	1	6678	6	4	4
980108	1	1094	6	1	1
980154	1	1095	6	3	3
68607	1	15997	6	4	4
414	1	1002	6	1	1
50280	1	271	6	3	3
5278	1	1186	6	3	3
50173	1	272	6	1	1
9999971	1	1042	6	4	4
29610	1	1036	6	4	4
12236	1	5266	6	1	1
29611	1	1036	6	3	3
253	1	305	6	1	1
950	1	1042	6	4	3
15956	1	5266	6	1	1
19286	1	1034	6	3	3
46392	1	12007	6	4	4
5343	1	1134	6	1	1
1895	1	251391	6	1	1
119	1	1031	6	3	3
274	1	1042	6	1	1
191	1	1033	6	3	3
5241	1	1168	6	4	3
21284	1	318	6	4	4
21287	1	318	6	1	1
495	1	1083	6	4	3
352	1	1011	6	3	3
411	1	1002	6	1	1
349	1	1020	6	3	3
980018	1	1094	6	4	3
21300	1	317	6	1	1
49417	1	6208	6	4	4
18163	1	1029	6	4	4
951	1	1042	6	1	1
18316	1	1034	6	1	1
50283	1	271	6	4	3
3540	1	10225	6	4	3
5107	1	1186	6	4	4
11729	1	4064	6	1	1
198	1	301	6	3	3
160	1	1005	6	3	3
165	1	310	6	1	1
49479	1	6224	6	4	3
29608	1	1036	6	3	3
612	1	1088	6	1	1
1081	1	1036	6	3	3
49531	1	6213	6	3	3
980130	1	1094	6	4	3
252	1	305	6	4	4
690	1	251181	6	1	1
24069	1	5410	6	1	1
18228	1	1015	6	4	3
413	1	1002	6	1	1
45248	1	12007	6	1	1
345	1	1011	6	3	3
21360	1	326	6	4	4
76719	1	2113	6	1	1
249	1	1041	6	4	4
418	1	1002	6	1	1
9999964	1	1036	6	3	3
5201	1	1118	6	3	3
50272	1	271	6	4	4
412	1	1002	6	1	1
174	1	287	6	1	1
186	1	290	6	1	1
18307	1	1034	6	1	1
18272	1	1029	6	4	4
18185	1	1015	6	3	3
5208	1	1132	6	4	3
245	1	305	6	4	4
159	1	1005	6	3	3
481	1	1191	6	3	3
21068	1	1093	6	3	1
278	1	1127	6	1	1
131	1	1042	6	3	1
18278	1	1034	6	4	3
16052	1	5266	6	3	3
12270	1	5266	6	3	3
469	1	1076	6	4	4
138	1	294	6	1	1
9427	1	12739	6	3	3
502	1	1048	6	4	3
21276	1	318	6	1	1
12254	1	5266	6	1	1
249	1	1127	6	3	3
61111	1	12007	6	4	3
21319	1	1015	6	1	1
49486	1	6224	6	4	4
455	1	1077	6	1	1
8829	1	15309	6	3	3
24861	1	15292	6	3	3
579	1	1088	6	4	3
280	1	1042	6	4	3
24912	1	14069	6	1	1
963	1	1042	6	1	1
575	1	1081	6	3	3
21308	1	322	6	1	1
50326	1	271	6	4	3
515	1	1126	6	3	3
611	1	1088	6	3	3
424	1	1002	6	1	1
1738	1	6682	6	3	3
18235	1	1015	6	4	4
9999972	1	1042	6	1	1
534	1	1063	6	4	4
176	1	1029	6	4	4
18274	1	1029	6	1	1
126	1	1042	6	1	1
18362	1	1014	6	4	3
18046	1	2748	6	1	1
89	1	1042	6	3	3
11746	1	561	7	1	1
17941	1	1968	7	1	1
18319	1	1034	7	3	3
76720	1	2113	7	1	1
24101	1	2192	7	1	1
11751	1	561	7	1	1
18381	1	1014	7	3	3
1329	1	115135	7	1	1
24859	1	15292	7	3	1
182	1	281	7	1	1
512	1	1040	7	3	3
18338	1	323	7	3	3
574	1	1081	7	4	3
8841	1	13242	7	1	1
17873	1	5901	7	1	1
6865	1	83	7	3	3
250	1	305	7	3	3
24891	1	14069	7	1	1
15980	1	5266	7	3	3
1740	1	6683	7	3	1
98	1	6661	7	1	1
24889	1	14069	7	1	1
21288	1	318	7	1	1
21262	1	318	7	4	4
24253	1	2192	7	3	3
1742	1	6683	7	1	1
21272	1	318	7	1	1
167	1	312	7	1	1
452	1	1064	7	1	1
24261	1	2192	7	1	1
95	1	6661	7	1	1
8586	1	11911	7	1	1
17733	1	2737	7	1	1
20125	1	12007	7	3	1
6873	1	83	7	3	3
216	1	290	7	1	1
142	1	275	7	3	3
1798	1	115193	7	1	1
89	1	1031	7	4	3
170	1	287	7	1	1
187	1	290	7	3	3
17625	1	2459	7	1	1
21296	1	317	7	1	1
18254	1	1029	7	4	3
980144	1	1094	7	1	1
18036	1	2748	7	3	3
8551	1	11911	7	1	1
11754	1	561	7	3	1
17945	1	1968	7	1	1
24820	1	15292	7	4	3
980102	1	1094	7	1	1
980156	1	1095	7	4	3
6822	1	2737	7	1	1
328	1	1048	7	1	1
179	1	281	7	1	1
6757	1	70	7	3	3
604	1	1088	7	4	4
6867	1	83	7	3	3
88	1	280	7	4	3
18313	1	1034	7	1	1
17734	1	2737	7	1	1
18407	1	1034	7	1	1
140	1	1172	7	1	1
181	1	281	7	3	3
24062	1	5410	7	1	1
6816	1	2737	7	1	1
262	1	282	7	3	1
18336	1	319	7	3	3
125	1	6677	7	1	1
1599	1	115200	7	1	1
24806	1	15292	7	4	3
1745	1	6683	7	1	1
21297	1	317	7	1	1
603	1	1088	7	4	3
16007	1	5266	7	1	1
6854	1	83	7	1	1
8840	1	13242	7	3	1
21265	1	318	7	4	4
174	1	1135	7	3	3
17711	1	4205	7	1	1
86	1	1042	7	1	1
606	1	1088	7	4	3
260	1	282	7	3	3
17932	1	1968	7	1	1
17622	1	2459	7	1	1
403	1	1037	7	1	1
18104	1	5894	7	3	1
21313	1	322	7	1	1
6748	1	2262	7	3	3
9410	1	12072	7	3	3
1799	1	115193	7	3	3
7376	1	1041	7	4	3
980097	1	1094	7	3	3
17754	1	120	7	1	1
18317	1	1034	7	3	3
440	1	1055	7	3	1
980033	1	1094	7	3	3
1741	1	6683	7	3	3
6755	1	840	7	1	1
24990	1	15292	7	1	1
12221	1	5266	7	1	1
21295	1	318	7	1	1
17738	1	1597	7	3	1
1965	1	115151	7	1	1
21298	1	317	7	1	1
1810	1	115139	7	1	1
8822	1	10622	7	1	1
16044	1	5266	7	1	1
17962	1	1968	7	1	1
11786	1	561	7	1	1
16128	1	5265	7	1	1
6839	1	83	7	1	1
18318	1	1034	7	3	3
18171	1	1029	7	1	1
8846	1	15425	7	3	1
429	1	1035	7	1	1
21299	1	317	7	1	1
18223	1	1015	7	1	1
9872	1	2192	7	3	1
628	1	1082	7	3	3
3593	1	15565	7	1	1
126	1	303	7	4	3
1662	1	115196	7	1	1
508	1	1040	7	3	3
103	1	6661	7	1	1
17985	1	1968	7	1	1
9367	1	14210	7	1	1
6866	1	83	7	3	3
6838	1	83	7	4	3
1693	1	115149	7	4	3
555	1	1079	7	3	1
20146	1	12007	7	1	1
222	1	1041	7	4	4
17959	1	1968	7	1	1
18224	1	1015	7	3	3
16120	1	5265	7	1	1
8839	1	15309	7	1	1
24803	1	15292	7	4	4
6871	1	83	7	4	3
5361618	1	1018	7	4	3
6837	1	83	7	1	1
16018	1	5266	7	1	1
6868	1	83	7	3	1
199	1	283	7	3	1
87	1	303	7	4	3
29613	1	1036	7	3	3
17938	1	1968	7	1	1
536	1	1072	7	3	3
141	1	294	7	3	3
6793	1	2737	7	4	3
17640	1	2737	7	1	1
6875	1	83	7	1	1
588	1	1082	7	4	3
8541	1	14524	7	1	1
16093	1	5265	7	1	1
11744	1	561	7	3	3
6735	1	2262	7	1	1
1815	1	115180	7	1	1
263	1	282	7	3	3
1809	1	251391	7	1	1
24812	1	15292	7	3	3
18277	1	1029	7	4	4
20150	1	12007	7	3	3
18186	1	1015	7	4	4
543	1	1080	7	3	3
6820	1	2737	7	1	1
20645	1	4248	7	1	1
21321	1	1015	7	1	1
6825	1	2737	7	1	1
17979	1	1968	7	1	1
342	1	1011	7	3	3
193	1	290	7	1	1
185	1	290	7	3	1
6741	1	2262	7	1	1
546	1	1080	7	3	3
18194	1	1015	7	3	3
17875	1	5901	7	1	1
392	1	1022	7	1	1
293	1	1122	7	3	3
1826	1	115140	7	1	1
85	1	295	7	3	1
21305	1	324	7	3	3
20149	1	12007	7	1	1
160	1	310	7	3	3
8845	1	15425	7	3	3
6756	1	840	7	1	1
21280	1	318	7	3	3
17741	1	120	7	1	1
12199	1	1014	7	3	1
8623	1	11870	7	3	3
21279	1	318	7	4	4
18334	1	319	7	4	4
76716	1	2113	7	1	1
580	1	1088	7	4	4
18193	1	1015	7	3	3
188	1	290	7	1	1
21271	1	318	7	1	1
20148	1	12007	7	1	1
6852	1	83	7	1	1
1770	1	6670	7	3	3
18399	1	1015	7	4	3
9889	1	2192	7	1	1
15952	1	5266	7	3	3
156	1	281	7	1	1
21273	1	318	7	1	1
18045	1	2748	7	1	1
16026	1	5266	7	1	1
24073	1	2192	7	1	1
547	1	6684	7	1	1
8838	1	15309	7	1	1
6869	1	83	7	3	3
1810	1	251391	7	1	1
24867	1	15292	7	1	1
6818	1	2737	7	1	1
1231	1	1050	7	1	1
12200	1	1029	7	3	1
566	1	1079	7	1	1
577	1	1088	7	4	3
204	1	281	7	1	1
21274	1	318	7	1	1
50288	1	271	7	1	1
21268	1	318	7	1	1
17629	1	2459	7	3	1
18170	1	1029	7	3	3
598	1	1082	7	4	3
18279	1	1034	7	1	1
157	1	281	7	3	3
196	1	1033	7	4	3
1718	1	115104	7	3	1
21318	1	325	7	1	1
17626	1	2459	7	3	1
6	1	901	7	1	1
6790	1	2737	7	1	1
9420	1	12739	7	3	3
24829	1	15292	7	3	3
9388	1	14022	7	3	1
24066	1	5410	7	1	1
3526	1	10807	7	1	1
18392	1	1014	7	1	1
20139	1	12007	7	1	1
17746	1	120	7	1	1
18370	1	1014	7	1	1
258	1	282	7	3	3
24999	1	15292	7	3	3
158	1	281	7	1	1
7372	1	1041	7	3	3
18032	1	2748	7	4	3
17615	1	2486	7	3	3
11736	1	4064	7	3	3
50296	1	271	7	1	1
18182	1	1015	7	3	3
6841	1	83	7	1	1
15959	1	5266	7	1	1
155	1	281	7	1	1
241	1	296	7	1	1
596	1	1082	7	4	4
16023	1	5266	7	3	3
17612	1	2486	7	3	3
203	1	281	7	1	1
115	1	1031	7	4	3
18189	1	1015	7	1	1
3602	1	15565	7	1	1
459	1	1077	7	4	3
111	1	1042	7	1	1
7375	1	1041	7	4	3
8848	1	14676	7	1	1
17887	1	5901	7	1	1
20141	1	12007	7	3	1
595	1	1082	7	3	3
17948	1	1968	7	1	1
259	1	282	7	3	1
16150	1	5265	7	1	1
17968	1	1968	7	3	1
201	1	1041	7	1	1
200	1	1033	7	4	4
17924	1	1968	7	1	1
3530	1	11325	7	1	1
341	1	1011	7	3	3
6876	1	83	7	3	3
6842	1	83	7	1	1
17617	1	2486	7	3	1
21267	1	318	7	4	4
86	1	303	7	3	3
1661	1	115116	7	1	1
90	1	1042	7	3	3
573	1	1081	7	1	1
6824	1	2737	7	1	1
24807	1	15292	7	4	3
572	1	1087	7	1	1
6746	1	2262	7	4	3
17623	1	2459	7	1	1
6834	1	83	7	4	3
3523	1	15736	7	3	3
18196	1	1015	7	1	1
18372	1	1034	7	3	3
16091	1	5265	7	1	1
24804	1	15292	7	4	4
3599	1	15565	7	4	4
180	1	281	7	3	3
462	1	1062	7	1	1
183	1	281	7	1	1
24894	1	14069	7	1	1
8766	1	15375	7	1	1
625	1	1082	7	3	3
1640	1	115206	7	1	1
980096	1	1094	7	1	1
18087	1	2748	7	1	1
1615	1	115204	7	3	1
1330	1	115135	7	1	1
17624	1	2459	7	1	1
6874	1	83	7	4	4
21326	1	1029	8	3	3
172	1	1005	8	4	3
995	1	115132	8	3	3
563	1	1079	8	1	3
872	1	115210	8	1	1
29612	1	1036	8	4	3
843	1	115210	8	1	1
18247	1	1029	8	4	3
100	1	1042	8	4	3
4722	1	1188	8	3	3
734	1	1061	8	4	3
844	1	115210	8	1	1
21291	1	318	8	1	1
893	1	115210	8	1	1
6857	1	83	8	1	1
1782	1	115153	8	3	1
314	1	1059	8	4	4
930	1	1056	8	1	1
927	1	1049	8	1	1
980025	1	1094	8	4	3
530	1	1073	8	4	3
18262	1	1029	8	3	3
556	1	1079	8	4	3
280	1	1127	8	1	1
197	1	281	8	3	3
1810	1	6680	8	3	3
18212	1	1015	8	4	3
21261	1	318	8	4	3
110	1	1042	8	4	4
21315	1	1041	8	1	1
1818	1	6680	8	3	1
3508	1	12557	8	1	1
557	1	6676	8	1	1
121	1	1031	8	4	3
136	1	294	8	4	3
150	1	308	8	3	1
467	1	1070	8	4	4
559	1	6676	8	3	1
18243	1	1029	8	4	4
89	1	6661	8	4	3
18245	1	1029	8	3	3
14071	1	1009	8	1	1
128	1	294	8	3	3
980165	1	1096	8	3	3
146	1	275	8	4	3
138	1	1204	8	1	1
238	1	285	8	3	3
18202	1	1015	8	4	4
507	1	1040	8	1	1
53615	1	1018	8	4	3
8828	1	15309	8	1	1
248	1	1127	8	3	3
8666	1	10923	8	1	1
228	1	279	8	4	4
98	1	307	8	4	4
916	1	1112	8	3	3
18206	1	1015	8	4	4
94	1	302	8	4	4
957	1	1042	8	1	1
994	1	115132	8	4	4
24852	1	15292	8	3	3
18330	1	321	8	3	3
514	1	1067	8	4	4
318	1	1059	8	4	3
116	1	1042	8	4	4
720	1	1058	8	3	1
3582	1	15565	8	1	1
577	1	6685	8	4	3
18197	1	1015	8	1	1
18271	1	1029	8	1	1
552	1	6684	8	1	1
780	1	1030	8	1	1
185	1	1027	8	1	1
7382	1	1041	8	1	1
130	1	306	8	3	1
582	1	6686	8	3	1
221	1	289	8	4	3
1805	1	6680	8	1	1
18299	1	1034	8	3	3
1746	1	6683	8	3	3
21306	1	324	8	1	1
722	1	1030	8	3	3
3848	1	1057	8	4	3
451	1	1064	8	1	1
187	1	1027	8	3	1
18217	1	1014	8	4	4
889	1	115210	8	3	3
18244	1	1029	8	3	3
110	1	315	8	3	3
1807	1	6679	8	4	4
11742	1	561	8	3	3
192	1	290	8	1	1
259	1	1127	8	3	1
585	1	6663	8	1	1
77777	1	1152	8	1	1
544	1	6684	8	1	1
601	1	6663	8	1	1
449	1	1064	8	3	3
18270	1	1029	8	3	1
18173	1	1029	8	4	4
466	1	1072	8	1	1
1665	1	251311	8	1	1
21330	1	1029	8	1	1
101	1	315	8	4	3
179	1	1005	8	4	3
18214	1	1015	8	3	3
6860	1	83	8	1	1
21270	1	318	8	4	4
13117	1	1029	8	1	1
18266	1	1029	8	4	3
18356	1	1015	8	4	4
980037	1	1094	8	4	4
18395	1	1014	8	4	4
97	1	307	8	4	3
18294	1	1029	8	3	3
1707	1	115187	8	1	1
206	1	281	8	4	3
810	1	1005	8	4	4
89	1	1005	8	4	3
8837	1	15309	8	1	1
1060	1	1031	8	1	1
552	1	1080	8	4	4
896	1	115210	8	1	1
1802	1	6679	8	1	1
1824	1	115143	8	1	1
289	1	1042	8	3	3
980140	1	1094	8	3	3
264	1	1127	8	3	1
18404	1	1014	8	4	3
148	1	304	8	3	1
3539	1	11917	8	1	1
105	1	306	8	1	1
133	1	306	8	3	1
233	1	1127	8	4	4
1714	1	115177	8	3	1
949	1	1042	8	3	3
18396	1	1029	8	1	1
255	1	305	8	3	3
21322	1	1015	8	3	3
18287	1	1029	8	3	3
1747	1	6681	8	3	1
16178	1	5512	8	1	1
21275	1	318	8	4	4
1597	1	115157	8	3	3
1786	1	115147	8	4	4
88	1	1005	8	4	3
453	1	1064	8	1	1
1785	1	115219	8	1	1
131	1	306	8	1	1
1837	1	115185	8	3	3
756	1	6662	8	3	1
461	1	1065	8	4	4
587	1	6691	8	4	3
257	1	1127	8	3	1
252	1	1127	8	3	3
427	1	1035	8	1	1
18236	1	1015	8	4	3
584	1	6663	8	1	1
770	1	6688	8	4	3
18229	1	1015	8	4	4
18346	1	1029	8	4	3
100	1	314	8	1	1
29614	1	1036	8	1	1
573	1	6669	8	3	1
18218	1	1015	8	3	1
18273	1	1029	8	3	1
3565	1	15001	8	3	3
1060	1	1042	8	4	3
21289	1	318	8	1	1
18240	1	1029	8	3	3
9999967	1	1030	8	3	3
521	1	1067	8	4	4
576	1	6685	8	4	4
18192	1	1015	8	3	3
450	1	1064	8	4	4
21302	1	1019	8	1	1
486	1	1076	8	4	4
1812	1	6679	8	3	1
92149	1	11934	8	1	1
21323	1	1015	8	4	4
21304	1	326	8	1	1
1327	1	115159	8	3	1
124	1	1031	8	4	3
18246	1	1029	8	4	4
1813	1	6679	8	1	1
18184	1	1015	8	4	4
112	1	300	8	4	4
18382	1	1014	8	4	4
1744	1	6683	8	3	3
262	1	1127	8	3	1
547	1	1080	8	4	3
557	1	1079	8	1	1
110	1	6661	8	3	3
544	1	1080	8	4	3
134	1	306	8	3	3
395	1	1022	8	3	3
18304	1	1034	8	4	4
21332	1	1015	8	1	1
248	1	305	8	3	3
558	1	6676	8	1	1
553	1	6684	8	3	1
980107	1	1094	8	3	3
690	1	1042	8	4	4
171	1	287	8	3	3
275	1	1127	8	1	1
1802	1	115217	8	1	1
21317	1	320	8	1	1
114	1	1031	8	3	3
190	1	290	8	3	3
118	1	1031	8	4	4
3567	1	13003	8	1	1
1639	1	115120	8	1	1
18376	1	1015	8	4	4
109	1	314	8	3	3
886	1	115210	8	1	1
6815	1	2737	8	1	1
109	1	1042	8	3	3
279	1	1127	8	1	1
1737	1	6682	8	4	3
548	1	1080	8	3	3
586	1	6663	8	3	1
845	1	115210	8	1	1
946	1	1042	8	3	3
1803	1	6679	8	1	1
831	1	1005	8	4	3
6861	1	83	8	3	3
18177	1	1029	8	1	1
266	1	1127	8	3	1
944	1	1059	8	4	4
18215	1	1015	8	3	3
195	1	291	8	3	1
593	1	6678	8	4	4
775	1	6666	8	1	1
240	1	312	8	1	1
202	1	297	8	1	1
21314	1	1028	8	1	1
885	1	115210	8	1	1
551	1	6684	8	1	1
18238	1	1029	8	1	1
215	1	290	8	4	4
306	1	1060	8	3	3
579	1	6686	8	4	3
18329	1	1034	8	4	4
18219	1	1015	8	1	1
11749	1	561	8	3	1
18297	1	1034	8	3	3
197	1	1033	8	4	3
6853	1	83	8	1	1
188	1	1027	8	4	3
1836	1	115185	8	3	3
18406	1	1015	8	3	3
1686	1	115105	8	3	3
561	1	1079	8	3	3
174	1	1005	8	4	3
20156	1	12007	8	1	1
1697	1	115108	8	1	1
1804	1	6679	8	1	1
446	1	1069	8	3	3
106	1	313	8	1	1
18394	1	1014	8	4	4
1701	1	6665	8	1	1
622	1	1082	8	4	3
572	1	6669	8	3	3
93	1	302	8	1	1
1984	1	115117	8	1	1
18371	1	1015	8	3	3
168	1	287	8	4	3
18348	1	1029	8	4	4
1814	1	6679	8	3	1
244	1	284	8	4	4
18375	1	1015	8	3	3
111	1	316	8	4	4
316	1	1059	8	3	3
586	1	1088	8	4	4
556	1	6676	8	1	1
478	1	1076	8	3	3
176	1	1005	8	4	3
1638	1	115137	8	1	1
723	1	1030	8	4	3
61129	1	12007	8	4	4
1059	1	1031	8	1	1
164	1	1005	8	3	3
1783	1	251152	8	3	1
18403	1	1014	8	4	4
18397	1	1014	8	4	4
602	1	6664	8	1	1
1808	1	6680	8	1	1
589	1	6689	8	4	3
601	1	1082	8	3	1
759	1	6662	8	3	1
1058	1	1008	8	3	3
991	1	1116	8	3	1
166	1	285	8	1	1
186	1	1027	8	3	1
18384	1	1014	8	4	4
18402	1	1014	8	4	3
21334	1	1015	8	4	3
980039	1	1094	8	3	3
261	1	1127	8	3	1
1815	1	6679	8	1	1
545	1	6684	8	3	3
1894	1	115166	8	1	1
77777	1	1127	8	3	1
797	1	1003	8	4	3
114	1	1042	8	4	4
8542	1	14524	8	1	1
310	1	1053	8	3	3
18296	1	1034	8	3	3
21333	1	1015	8	4	3
955	1	1042	8	4	3
1801	1	6679	8	3	3
952	1	1042	8	3	3
11743	1	561	8	3	1
96	1	307	8	3	3
20635	1	5261	8	1	1
954	1	1042	8	3	3
18325	1	1029	8	4	3
9999970	1	1059	8	3	3
21070	1	1093	8	3	1
18298	1	1034	8	3	3
91	1	6661	8	3	3
231	1	278	8	4	3
18380	1	1015	8	1	1
124	1	1042	8	3	3
170	1	1005	8	3	3
561	1	6676	8	1	1
11777	1	561	8	1	1
590	1	6690	8	3	1
962	1	1042	8	3	3
106	1	6661	8	1	1
445	1	1085	8	4	4
21315	1	1047	8	1	1
1696	1	115195	8	3	3
173	1	1005	8	4	3
560	1	6676	8	1	1
168	1	1005	8	3	3
760	1	6662	8	4	3
242	1	285	8	1	1
1811	1	6682	8	3	1
74	1	6687	8	1	1
828	1	1005	8	4	4
64063	1	5901	8	1	1
1820	1	6683	8	3	3
239	1	286	8	3	1
537	1	1080	8	4	3
93	1	6661	8	3	3
755	1	6662	8	1	1
16179	1	2861	8	1	1
1403	1	1009	8	3	1
1820	1	115188	8	1	1
99	1	307	8	4	3
17743	1	120	8	3	3
891	1	115210	8	3	1
894	1	115210	8	1	1
18288	1	1029	8	4	4
135	1	306	8	1	1
132	1	306	8	1	1
897	1	115210	8	1	1
101	1	6661	8	3	3
12274	1	5266	8	4	4
1807	1	251562	8	1	1
18256	1	1029	8	4	4
184	1	290	8	3	3
66	1	6687	8	3	3
6859	1	83	8	1	1
583	1	6663	8	4	3
980105	1	1094	8	4	4
947	1	1042	8	1	1
551	1	1080	8	4	4
548	1	6684	8	1	1
1751	1	6683	8	3	3
103	1	306	8	3	1
1806	1	6679	8	3	3
194	1	290	8	3	3
1809	1	6680	8	3	3
1666	1	115131	8	1	1
18290	1	1029	8	4	4
102	1	6661	8	3	3
104	1	306	8	1	1
18378	1	1015	8	3	3
961	1	1042	8	3	1
1691	1	115149	8	3	3
841	1	6667	8	4	4
77777	1	1079	8	1	1
17761	1	120	8	3	3
273	1	1127	8	1	1
176	1	290	8	4	3
1739	1	6683	8	3	1
163	1	1005	8	3	3
9999962	1	1036	8	3	3
1649	1	115178	8	1	1
18300	1	1034	8	1	1
21335	1	1015	8	1	1
546	1	6684	8	1	1
276	1	1127	8	1	1
122	1	1031	8	4	3
120	1	1031	8	4	4
18367	1	1029	8	4	3
63064	1	2085	8	1	1
199	1	1033	8	4	3
591	1	6690	8	3	1
473	1	1076	8	3	3
980166	1	1096	8	1	1
18242	1	1029	8	3	3
12246	1	5266	8	1	1
24936	1	14069	8	3	1
198	1	1033	8	4	3
107	1	6661	8	1	1
84	1	1005	8	4	4
305	1	1060	8	3	3
8543	1	14524	8	3	1
1084	1	1031	8	1	1
9999966	1	1036	8	4	4
980158	1	1096	8	3	3
1660	1	115111	8	1	1
929	1	1049	8	1	1
513	1	1067	8	3	3
17745	1	120	8	3	3
980135	1	1094	8	4	3
315	1	1059	8	3	3
254	1	305	8	4	3
980132	1	1094	8	3	1
137	1	294	8	1	1
18333	1	321	8	1	1
943	1	1059	8	3	3
1711	1	115165	8	4	3
528	1	1073	8	4	4
172	1	287	8	1	1
21307	1	322	8	1	1
18289	1	1029	8	4	4
92	1	306	8	1	1
980159	1	1096	8	4	4
758	1	6662	8	4	4
18248	1	1029	8	4	4
129	1	306	8	1	1
895	1	115210	8	1	1
549	1	6684	8	3	1
76	1	6671	8	3	1
1735	1	6682	8	4	3
92	1	6661	8	3	3
18176	1	1029	8	4	4
8628	1	15622	8	3	1
574	1	6668	8	4	4
821	1	1005	8	3	3
842	1	115210	8	4	4
460	1	1065	8	4	3
1684	1	115105	8	3	1
1816	1	6680	8	1	1
274	1	1127	8	1	1
95	1	309	8	4	3
277	1	1127	8	1	1
887	1	115210	8	1	1
1685	1	115105	8	1	1
183	1	1027	8	1	1
1694	1	115149	8	3	1
18183	1	1015	8	3	3
18281	1	1034	8	3	1
604	1	115134	8	1	1
190	1	1039	8	3	1
18347	1	1014	8	3	3
159	1	310	8	3	3
550	1	6684	8	1	1
18280	1	1034	8	1	1
1771	1	6670	8	1	1
1752	1	6682	8	3	3
235	1	299	8	3	3
113	1	1031	8	4	3
311	1	1053	8	4	3
20162	1	12072	8	1	1
1736	1	6682	8	3	1
309	1	1053	8	4	3
1657	1	115209	8	3	3
236	1	1110	8	4	3
719	1	1058	8	3	1
890	1	115210	8	1	1
243	1	284	8	1	1
980141	1	1094	8	1	1
818	1	1005	8	4	3
107	1	302	8	4	4
555	1	6676	8	1	1
953	1	1042	8	3	3
511	1	1040	8	1	1
464	1	1072	8	3	3
29615	1	1036	8	3	3
945	1	1059	8	4	3
15926	1	5266	9	1	1
18231	1	1015	9	4	3
9351	1	13970	9	1	1
9896	1	2192	9	1	1
9897	1	2192	9	1	1
17797	1	120	9	1	1
1304	4	130	9	1	1
50334	1	271	9	1	1
24980	1	14069	9	1	1
12227	1	5266	9	1	1
17609	1	5303	9	1	1
493	1	1067	9	1	1
16014	1	5266	9	1	1
1005	1	1005	9	1	1
15927	1	5266	9	1	1
21285	1	318	9	3	3
12234	1	5266	9	1	1
50285	1	271	9	1	1
1822	1	115123	9	1	1
17881	1	5901	9	1	1
50270	1	271	9	1	1
63246	1	2356	9	1	1
16086	1	5265	9	1	1
1436	6	143	9	1	1
16043	1	5266	9	1	1
17610	1	5303	9	1	1
9399	1	14022	9	1	1
3794	1	5410	9	1	1
9393	1	14022	9	1	1
24268	1	2192	9	1	1
17648	1	2737	9	1	1
24104	1	2192	9	1	1
11785	1	561	9	1	1
6730	1	2262	9	1	1
50231	1	271	9	1	1
1437	7	143	9	1	1
24957	1	14069	9	1	1
24058	1	5410	9	1	1
17867	1	4248	9	1	1
16119	1	5265	9	1	1
165	1	165	9	1	1
17645	1	2737	9	1	1
16011	1	5266	9	1	1
24084	1	5410	9	1	1
12260	1	5266	9	1	1
8767	1	15375	9	1	1
24986	1	14069	9	1	1
24266	1	2192	9	1	1
61116	1	12007	9	1	1
12255	1	5266	9	1	1
9390	1	14022	9	1	1
15916	1	5266	9	1	1
24252	1	2192	9	1	1
76751	1	5511	9	1	1
50038	1	6338	9	1	1
50240	1	271	9	1	1
76752	1	5511	9	1	1
15944	1	5266	9	1	1
50274	1	271	9	1	1
6731	1	2262	9	1	1
3809	1	5410	9	1	1
24081	1	5410	9	1	1
1891	1	115160	9	1	1
24262	1	2192	9	1	1
416	1	1002	9	1	1
6812	1	2737	9	1	1
24100	1	2192	9	1	1
1301	1	130	9	1	1
24091	1	5410	9	1	1
15985	1	5266	9	1	1
20649	1	5259	9	1	1
3811	1	5410	9	1	1
24264	1	2192	9	1	1
16181	1	5261	9	1	1
76750	1	2566	9	1	1
24933	1	14069	9	1	1
16094	1	5265	9	1	1
11783	1	561	9	1	1
63240	1	2356	9	1	1
3525	1	14674	9	1	1
1302	2	130	9	1	1
17983	1	1968	9	1	1
1421	1	142	9	1	1
17906	1	5901	9	1	1
76729	1	5511	9	1	1
1805	1	115128	9	1	1
3800	1	5410	9	1	1
17730	1	2737	9	1	1
20143	1	12007	9	3	3
9352	1	13970	9	1	1
50329	1	271	9	1	1
6797	1	2737	9	1	1
1425	5	142	9	1	1
63256	1	2356	9	1	1
24085	1	5410	9	1	1
30693	1	2192	9	1	1
76756	1	5511	9	1	1
1968	1	115172	9	1	1
9398	1	14022	9	1	1
50295	1	271	9	1	1
24851	1	15292	9	1	1
6729	1	2262	9	1	1
18031	1	2748	9	1	1
8577	1	11911	9	1	1
63239	1	2356	9	1	1
325	1	1054	9	1	1
15925	1	5266	9	1	1
322	1	1001	9	1	1
15988	1	5266	9	1	1
15923	1	5266	9	1	1
16117	1	5265	9	1	1
24927	1	14069	9	1	1
16163	1	12480	9	1	1
1333	1	115144	9	1	1
8847	1	15425	9	1	1
9898	1	2192	9	1	1
24265	1	2192	9	1	1
6743	1	2262	9	1	1
16016	1	5266	9	1	1
16182	1	5261	9	1	1
324	1	1016	9	1	1
24907	1	14069	9	1	1
17655	1	2737	9	1	1
12261	1	5266	9	1	1
5288	1	1161	9	1	1
184	1	1027	9	1	1
323	1	1017	9	1	1
8553	1	11895	9	1	1
1825	1	115215	9	1	1
24086	1	5410	9	1	1
6737	1	2262	9	1	1
6728	1	2262	9	1	1
12243	1	5266	9	1	1
209	1	209	9	1	1
24941	1	14069	9	1	1
30155	1	303481	9	1	1
980142	1	1094	9	1	1
17735	1	2737	9	1	1
24982	1	14069	9	1	1
16056	1	5266	9	1	1
11752	1	561	9	1	1
17658	1	2737	9	1	1
50342	1	6405	9	1	1
24860	1	15292	9	1	1
16083	1	5265	9	1	1
17656	1	2737	9	1	1
16031	1	5266	9	1	1
16022	1	5266	9	1	1
24956	1	14069	9	1	1
1433	3	143	9	1	1
12252	1	5266	9	1	1
20650	1	5258	9	1	1
1598	1	115128	9	1	1
3793	1	5410	9	1	1
24928	1	14069	9	1	1
17986	1	1968	9	1	1
3808	1	5410	9	1	1
6813	1	2737	9	1	1
6740	1	2262	9	1	1
423	1	1002	9	1	1
980091	1	1094	9	1	1
17971	1	1968	9	1	1
17890	1	5901	9	1	1
1698	1	115162	9	1	1
61117	1	12007	9	1	1
49456	1	6214	9	4	3
16012	1	5266	9	1	1
17894	1	5901	9	1	1
24061	1	5410	9	1	1
16035	1	5266	9	1	1
15924	1	5266	9	1	1
3795	1	5410	9	1	1
6796	1	2737	9	1	1
12250	1	5266	9	1	1
1424	4	142	9	1	1
16003	1	5266	9	1	1
17874	1	5901	9	1	1
433	1	1035	9	1	1
8560	1	14524	9	1	1
30152	1	303481	9	1	1
15979	1	5266	9	1	1
17710	1	4205	9	1	1
24853	1	15292	9	1	1
76721	1	5511	9	1	1
41335	1	5257	9	1	1
1431	1	143	9	1	1
17760	1	120	9	1	1
15934	1	5266	9	1	1
1434	4	143	9	1	1
24872	1	14069	9	1	1
16145	1	5265	9	1	1
12264	1	5266	9	1	1
6736	1	2262	9	1	1
16108	1	5265	9	1	1
17649	1	2737	9	1	1
15972	1	5266	9	1	1
1422	2	142	9	1	1
419	1	1002	9	1	1
17731	1	2737	9	1	1
17663	1	2737	9	1	1
24983	1	14069	9	1	1
17657	1	2737	9	1	1
327	1	1011	9	1	1
16151	1	5265	9	1	1
50335	1	271	9	1	1
30148	1	303481	9	3	1
9376	1	13367	9	1	1
63220	1	2356	9	1	1
17654	1	2737	9	1	1
841	1	115210	9	1	1
8670	1	15621	9	1	1
15993	1	5266	9	1	1
20651	1	5258	9	1	1
24871	1	15292	9	1	1
24954	1	14069	9	1	1
1784	1	115109	9	1	1
6858	1	83	9	1	1
16047	1	5266	9	1	1
108	1	115142	9	1	1
6753	1	2262	9	1	1
16006	1	5266	9	1	1
1432	2	143	9	1	1
6727	1	2262	9	1	1
12245	1	5266	9	1	1
1191	1	1191	9	1	1
1423	3	142	9	1	1
11787	1	561	9	1	1
980031	1	1094	9	1	1
3807	1	5410	9	1	1
407	1	1002	9	1	1
50302	1	271	9	1	1
24971	1	14069	9	1	1
1435	5	143	9	1	1
24881	1	14069	9	1	1
12257	1	5266	9	1	1
12231	1	5266	9	1	1
24895	1	14069	9	1	1
1438	8	143	9	1	1
16000	1	5266	9	1	1
15931	1	5266	9	1	1
24082	1	5410	9	1	1
432	1	1079	9	1	1
6847	1	83	9	1	1
426	1	1035	9	1	1
333	1	1173	9	1	1
17984	1	1968	9	1	1
16142	1	5265	9	1	1
24979	1	14069	9	1	1
691	1	1209	9	1	1
30145	1	303481	9	1	1
16037	1	5266	9	1	1
24953	1	14069	9	1	1
17650	1	2737	9	1	1
61128	1	12007	9	3	3
24074	1	2192	9	1	1
111	1	115179	9	1	1
3563	1	14993	9	1	1
63221	1	2356	9	1	1
31191	1	1106	9	1	1
61125	1	12007	9	1	1
12247	1	5266	9	1	1
63241	1	2356	9	1	1
24083	1	5410	9	1	1
24080	1	5410	9	1	1
63251	1	2356	9	1	1
3537	1	13788	9	1	1
12238	1	5266	9	1	1
17643	1	2737	9	1	1
17660	1	2737	9	1	1
9422	1	12739	9	1	1
6726	1	2262	9	1	1
12233	1	5266	9	1	1
24926	1	14069	9	1	1
16009	1	5266	9	1	1
17653	1	2737	9	1	1
15967	1	5266	9	1	1
16036	1	5266	9	1	1
15940	1	5266	9	1	1
24969	1	14069	9	1	1
49478	1	6224	9	1	1
6725	1	2262	9	1	1
9904	1	2192	9	1	1
15989	1	5266	9	1	1
12232	1	5266	10	1	1
50325	1	271	10	1	1
237	1	287	10	3	3
9350	1	13970	10	3	3
24981	1	14069	10	1	1
12268	1	5266	10	1	1
1	1	901	10	2	2
24836	1	15292	10	3	1
30138	1	303481	10	4	4
3813	1	5410	10	3	3
16164	1	12477	10	3	3
15949	1	5266	10	1	1
9382	1	14022	10	3	3
17897	1	5901	10	3	3
5198	1	1118	10	3	3
16111	1	5265	10	1	1
24935	1	14069	10	3	3
474	1	1076	10	4	4
9428	1	12739	10	3	3
9425	1	12739	10	3	3
50279	1	271	10	3	3
8755	1	15375	10	1	1
76714	1	2113	10	4	3
20	1	901	10	4	4
30144	1	303481	10	3	3
18103	1	5894	10	1	1
30162	1	303481	10	4	3
64004	1	12477	10	1	1
9389	1	14022	10	1	1
24924	1	14069	10	3	3
24932	1	14069	10	1	1
17975	1	1968	10	3	3
18105	1	5894	10	4	3
16135	1	5265	10	1	1
50294	1	271	10	1	1
16171	1	12477	10	1	1
6804	1	2737	10	1	1
50309	1	271	10	3	1
16088	1	5265	10	3	3
9381	1	14022	10	4	4
6803	1	2737	10	3	3
6789	1	2737	10	3	3
32190	1	1106	10	3	3
24964	1	14069	10	1	1
30143	1	303481	10	3	3
41336	1	5257	10	4	3
24921	1	14069	10	3	3
6836	1	83	10	3	3
11778	1	561	10	3	3
29909	1	5894	10	1	1
3529	1	10807	10	4	3
24877	1	14069	10	3	3
18305	1	1034	10	4	4
18232	1	1015	10	4	3
76757	1	5265	10	3	3
6811	1	2737	10	1	1
16144	1	5265	10	3	3
15998	1	5266	10	3	1
9379	1	13367	10	1	1
21281	1	318	10	3	3
18	1	1188	10	4	3
9355	1	13970	10	1	1
76759	1	2515	10	3	1
591	2	1088	10	4	3
28	1	901	10	3	3
9353	1	13970	10	3	3
9334	1	13970	10	1	1
12272	1	5266	10	3	3
50318	1	271	10	3	1
18044	1	2748	10	3	3
16048	1	5266	10	3	3
11756	1	561	10	3	3
50178	1	274	10	3	3
50284	1	271	10	4	4
24913	1	14069	10	4	3
17958	1	1968	10	3	3
24987	1	14069	10	1	1
11812	1	2192	10	1	1
24255	1	2192	10	3	3
15974	1	5266	10	1	1
363	1	1048	10	4	4
268	1	1127	10	3	1
11781	1	561	10	3	3
6817	1	2737	10	3	3
180	1	1005	10	2	2
8699	1	15424	10	1	1
24919	1	14069	10	1	1
17943	1	1968	10	3	1
482	1	1191	10	1	1
18098	1	5894	10	3	3
17925	1	1968	10	1	1
17956	1	1968	10	3	3
17616	1	2486	10	3	3
24978	1	14069	10	4	3
20147	1	12007	10	3	3
15935	1	5266	10	4	3
17963	1	1968	10	1	1
17930	1	1968	10	1	1
76758	1	5254	10	4	4
9346	1	13970	10	3	3
613	1	1088	10	3	3
6829	1	2737	10	3	1
12219	1	5266	10	1	1
268	1	1042	10	4	4
501	1	1084	10	3	3
485	1	1076	10	3	3
20137	1	12007	10	3	3
9339	1	13970	10	3	3
24254	1	2192	10	3	3
9452	1	15291	10	1	1
16115	1	5265	10	1	3
315	1	1026	10	4	3
218	1	290	10	4	4
18102	1	5894	10	1	1
6802	1	2737	10	3	3
64057	1	5901	10	1	1
24989	1	15292	10	1	1
16177	1	12477	10	3	3
18101	1	5894	10	3	1
50221	1	271	10	4	4
9333	1	13970	10	3	3
63254	1	3115	10	3	3
9336	1	13970	10	3	3
15970	1	5266	10	3	1
16147	1	5265	10	3	3
500	1	1068	10	4	3
17926	1	1968	10	3	3
12266	1	5266	10	3	3
24967	1	14069	10	4	3
112	1	1042	10	4	3
6792	1	2737	10	4	3
1978	1	115220	10	1	1
64007	1	12477	10	1	1
45244	1	12007	10	3	3
6835	1	83	10	4	3
15955	1	5266	10	4	3
8793	1	13986	10	3	3
11779	1	561	10	1	1
50319	1	271	10	3	1
15964	1	5266	10	1	1
16169	1	12477	10	1	1
24808	1	15292	10	4	4
76713	1	2113	10	1	1
12265	1	5266	10	4	3
187	1	187	10	1	1
64014	1	12477	10	3	3
16106	1	5265	10	3	3
194	1	1007	10	3	3
17936	1	1968	10	3	3
24929	1	14069	10	4	4
9370	1	14210	10	3	3
17904	1	5901	10	3	3
46304	1	12007	10	4	4
291	1	1122	10	3	1
50241	1	271	10	4	3
15953	1	5266	10	4	3
12222	1	5266	10	1	1
9335	1	13970	10	3	3
24944	1	14069	10	1	1
15942	1	5266	10	3	1
18106	1	2458	10	3	3
17756	1	120	10	3	3
980058	1	1094	10	1	1
26	1	901	10	4	4
17727	1	2737	10	3	1
3799	1	5410	10	1	1
20631	1	5261	10	1	1
18043	1	2748	10	3	1
16132	1	5265	10	3	3
49455	1	6214	10	4	3
3812	1	5410	10	4	4
16173	1	12477	10	3	3
17969	1	1968	10	3	3
76712	1	2113	10	3	3
24875	1	14069	10	1	1
9435	1	13201	10	1	1
335	1	1015	10	1	1
95	1	1042	10	4	3
11775	1	561	10	3	3
16149	1	5265	10	1	1
436	1	1035	10	2	2
50235	1	271	10	4	4
6872	1	83	10	1	1
24931	1	14069	10	1	1
9436	1	13201	10	3	3
6807	1	2737	10	1	1
1806	1	115171	10	1	1
405	1	1002	10	3	3
16123	1	5265	10	1	1
50312	1	271	10	4	4
24819	1	15292	10	3	3
1969	1	115167	10	1	1
17882	1	5901	10	3	3
50299	1	271	10	1	1
1980	1	115124	10	1	1
592	1	1082	10	1	1
50183	1	270	10	2	2
29954	1	15424	10	1	1
24904	1	14069	10	3	3
76753	1	5511	10	3	1
9349	1	13970	10	3	3
12277	1	5266	10	4	3
29912	1	5266	10	4	3
24937	1	14069	10	1	1
64009	1	12477	10	3	3
488	1	1074	10	4	3
6832	1	2737	10	3	3
16013	1	5266	10	3	3
16140	1	5265	10	1	1
45253	1	12007	10	4	4
18035	1	2748	10	1	1
16017	1	5266	10	4	3
15922	1	5266	10	1	1
17908	1	5901	10	3	3
30154	1	303481	10	3	3
15948	1	5266	10	3	1
17935	1	1968	10	3	3
12225	1	5266	10	3	3
17913	1	5901	10	3	3
24938	1	14069	10	1	1
94	1	1042	10	4	4
53502	1	1127	10	1	1
24831	1	15292	10	1	1
6749	1	2262	10	1	1
64015	1	12477	10	3	3
1975	1	115202	10	1	1
24906	1	14069	10	3	3
16005	1	5266	10	3	3
30139	1	303481	10	3	3
76732	1	5511	10	1	3
320	1	1025	10	4	3
17964	1	1968	10	3	3
16125	1	11000	10	3	3
49421	1	6208	10	4	4
50333	1	271	10	3	3
16183	1	5261	10	1	1
16029	1	5266	10	3	3
50327	1	271	10	4	3
24854	1	15292	10	3	3
30163	1	303481	10	1	1
64010	1	12477	10	3	3
15975	1	5266	10	2	2
24870	1	15292	10	1	1
127	1	294	10	4	4
15915	1	5266	10	1	1
64002	1	11000	10	4	4
18034	1	2748	10	1	1
1983	1	115224	10	1	3
9345	1	13970	10	3	3
16175	1	12477	10	3	3
12218	1	5266	10	1	1
30160	1	303481	10	4	4
24874	1	14069	10	1	1
16097	1	5265	10	1	1
9368	1	14210	10	3	3
6806	1	2737	10	3	3
17954	1	1968	10	1	1
17972	1	1968	10	1	1
12220	1	5266	10	3	3
9391	1	14022	10	3	1
3801	1	5410	10	1	1
17659	1	2737	10	3	3
11807	1	2192	10	1	1
18039	1	2748	10	1	1
336	1	1017	10	1	1
2209	1	1032	10	4	4
49537	1	6213	10	3	3
212	1	212	10	3	3
9413	1	12072	10	3	3
16114	1	5265	10	4	3
46391	1	12007	10	4	4
30146	1	303481	10	1	1
24917	1	14069	10	3	1
50234	1	271	10	3	3
12230	1	5266	10	1	1
9364	1	13892	10	3	3
64006	1	12477	10	3	1
17928	1	1968	10	3	3
9378	1	13367	10	4	3
50307	1	271	10	1	1
581	1	1088	10	4	4
1979	1	115152	10	1	1
50223	1	271	10	1	1
314	1	1007	10	4	4
17949	1	1968	10	1	1
50278	1	271	10	3	3
471	1	1076	10	3	3
76718	1	2113	10	4	3
64017	1	12477	10	4	3
24916	1	14069	10	1	1
17744	1	120	10	1	1
16049	1	5266	10	3	3
15973	1	5266	10	4	3
16050	1	5266	10	3	3
9384	1	14022	10	3	3
50269	1	271	10	3	3
15966	1	5266	10	3	3
23	1	901	10	4	3
24900	1	14069	10	4	4
45249	1	12007	10	4	3
63253	1	2356	10	1	3
12271	1	5266	10	4	3
9433	1	13201	10	1	3
15968	1	5266	10	3	3
15987	1	5266	10	3	3
64058	1	5901	10	3	3
7	1	901	10	3	3
17638	1	2737	10	3	3
17642	1	2737	10	1	1
1973	1	115201	10	1	1
64012	1	12477	10	3	3
16168	1	12477	10	3	3
24942	1	14069	10	1	1
24984	1	14069	10	1	1
2	2	901	10	2	2
9411	1	12072	10	4	4
8683	1	15531	10	1	1
16174	1	12477	10	3	3
16019	1	5266	10	1	1
6754	1	2262	10	3	3
24951	1	14069	10	1	1
50251	1	271	10	1	1
15969	1	5266	10	4	3
143	1	293	10	2	2
15936	1	5266	10	1	1
16166	1	12477	10	1	1
6826	1	2737	10	4	3
16034	1	5266	10	4	3
18107	1	2740	10	3	3
9423	1	12739	10	3	3
16162	1	13563	10	4	4
12223	1	5266	10	1	1
11782	1	561	10	3	3
18048	1	2748	10	3	3
64016	1	12477	10	4	4
24079	1	5410	10	4	3
24837	1	15292	10	1	1
446	1	1188	10	4	3
24893	1	14069	10	4	3
64008	1	12477	10	3	3
6833	1	2737	10	4	4
11784	1	561	10	3	1
63248	1	2356	10	4	3
16165	1	12477	10	3	3
17641	1	2737	10	3	3
10	1	901	10	3	3
17931	1	1968	10	4	3
76749	1	5511	10	1	1
9369	1	14210	10	3	1
30151	1	303481	10	3	3
1721	1	115163	10	3	3
468	1	1076	10	1	1
9358	1	10187	10	1	1
15919	1	5266	10	3	3
17902	1	5901	10	1	1
24	1	901	10	4	4
1722	1	115145	10	3	3
12276	1	5266	10	4	3
15951	1	5266	10	1	1
472	1	1076	10	3	3
9874	1	2192	10	3	1
17651	1	2737	10	1	1
16051	1	5266	10	3	1
64001	1	11000	10	4	4
240	1	1113	10	3	3
1003	1	1003	10	4	3
17976	1	1968	10	1	1
16167	1	12477	10	3	3
16053	1	5266	10	3	1
15981	1	5266	10	4	4
980120	1	1094	10	4	3
17877	1	5901	10	3	3
50230	1	271	10	1	1
17940	1	1968	10	1	1
50225	1	271	10	1	1
17967	1	1968	10	3	1
24920	1	14069	10	3	3
8698	1	15424	10	1	1
64013	1	12477	10	3	3
30156	1	303481	10	3	3
17871	1	5901	10	1	1
15918	1	5266	10	3	3
5203	1	1132	10	1	1
11780	1	561	10	1	1
117	1	251561	10	3	3
20140	1	12007	10	1	1
17937	1	1968	10	1	1
24973	1	14069	10	3	3
50237	1	271	10	1	1
15978	1	5266	10	1	1
53501	1	1127	10	1	1
9401	1	14022	10	3	3
443	1	1051	10	3	1
587	1	1088	10	2	2
9386	1	14022	10	4	3
6788	1	2737	10	3	3
12226	1	5266	10	1	1
9437	1	13201	10	3	1
204	1	204	10	3	3
16139	1	5265	10	1	1
16020	1	5266	10	4	4
17888	1	5901	10	1	1
16160	1	13563	10	4	4
3528	1	13946	10	1	1
6810	1	2737	10	3	3
12267	1	5266	10	3	1
16030	1	5266	10	3	3
24884	1	14069	10	1	3
24922	1	14069	10	1	1
17646	1	2737	10	1	1
17951	1	1968	10	3	3
9392	1	14022	10	3	3
9396	1	14022	10	1	1
16092	1	5265	10	1	1
16153	1	5265	10	3	3
45247	1	12007	10	3	3
21	2	901	10	4	4
17732	1	2737	10	3	1
17770	1	120	10	1	1
9426	1	12739	10	3	3
15917	1	5266	10	1	1
6805	1	2737	10	3	1
17953	1	1968	10	3	3
76725	1	5511	10	4	4
9417	1	12072	10	3	3
9394	1	14022	10	3	3
50313	1	271	10	4	4
64055	1	5901	10	3	3
24897	1	14069	10	1	1
6750	1	2262	10	1	1
24930	1	14069	10	3	3
17978	1	1968	10	3	1
11774	1	561	10	3	3
6808	1	2737	10	1	1
15976	1	5266	10	4	4
76748	1	5511	10	3	3
24841	1	15292	10	3	3
15939	1	5266	10	4	3
24909	1	14069	10	3	3
64011	1	12477	10	3	3
24896	1	14069	10	1	1
11745	1	561	10	3	3
20636	1	5258	10	1	1
17605	1	5303	10	3	3
24914	1	14069	10	1	1
15982	1	5266	10	4	4
17736	1	2737	10	3	3
18100	1	5894	10	3	3
50316	1	271	10	3	3
50281	1	271	10	1	1
50324	1	271	10	1	1
24945	1	14069	10	3	3
16104	1	5265	10	3	3
497	1	1065	10	4	4
16129	1	5265	10	1	1
21994	1	10080	10	3	3
50304	1	271	10	4	4
49001	1	6128	10	3	3
25	1	901	10	4	4
6830	1	2737	10	3	3
16112	1	5265	10	3	3
9385	1	14022	10	1	1
9354	1	13970	10	3	3
9403	1	14022	10	1	1
256	1	311	10	3	3
15943	1	5266	10	3	3
18099	1	5894	10	1	1
147	1	1005	10	3	3
15971	1	5266	10	4	3
116	1	1031	10	4	3
64005	1	12477	10	4	3
6870	1	83	10	1	1
193	1	1039	10	3	3
16161	1	13563	10	4	3
9340	1	13970	10	3	3
49419	1	6208	10	4	3
24880	1	14069	10	3	3
16180	1	5795	10	1	3
17952	1	1968	10	1	1
2101	1	210	10	4	3
408	1	1002	10	1	1
24965	1	14069	10	4	3
50287	1	271	10	4	3
9380	1	13367	10	1	1
12244	1	5266	10	3	3
8850	1	14676	10	1	1
6828	1	2737	10	3	3
12237	1	5266	10	3	3
9421	1	12739	10	3	3
980103	1	1094	10	4	3
16038	1	5266	10	1	1
16103	1	5265	10	1	1
12273	1	5266	10	3	3
50242	1	271	10	1	1
9344	1	13970	10	3	3
20632	1	5261	10	4	2
17893	1	5901	10	1	1
15930	1	5266	10	4	3
16152	1	5265	10	1	1
980098	1	1094	10	4	4
16033	1	5266	10	1	1
15983	1	5266	10	3	3
24955	1	14069	10	1	1
9341	1	13970	10	1	1
335	1	1048	10	1	1
45251	1	12007	10	4	4
17644	1	2737	10	1	1
17939	1	1968	10	3	3
76723	1	5511	10	1	1
50332	1	271	10	3	3
4	1	901	10	4	4
11759	1	561	10	3	3
9441	1	12442	10	1	1
15947	1	5266	10	3	3
50301	1	271	10	1	1
24940	1	14069	10	3	3
9438	1	13201	10	1	1
16002	1	5266	10	3	3
30153	1	303481	10	1	1
24925	1	14069	10	3	3
17977	1	1968	10	3	3
24075	1	2192	10	1	1
29939	1	5266	10	3	3
11757	1	561	10	3	3
46393	1	12007	10	3	3
50303	1	271	10	3	1
2103	3	210	10	3	3
24901	1	14069	10	1	1
9440	1	12442	10	3	3
17942	1	1968	10	3	3
45956	1	12007	10	3	3
16131	1	5265	10	1	1
16172	1	12477	10	3	3
16010	1	5266	10	1	1
11809	1	2192	10	1	1
50232	1	271	10	3	3
11805	1	2192	10	1	1
351	1	1040	10	3	3
24892	1	14069	10	1	1
3797	1	5410	10	1	1
12256	1	5266	10	3	3
16170	1	12477	10	3	3
15996	1	5266	10	1	1
24092	1	5410	10	3	3
9416	1	12072	10	3	3
24063	1	5410	10	1	1
9347	1	13970	10	3	3
15984	1	5266	10	1	1
76746	1	5511	10	1	1
9431	1	13201	10	3	1
50286	1	271	10	3	1
123	1	1031	10	3	3
30159	1	303481	10	4	4
9338	1	13970	10	3	3
20133	1	12007	10	3	3
30149	1	303481	10	4	3
24972	1	14069	10	3	3
16095	1	5265	10	3	3
470	1	1076	11	3	3
292	1	1122	11	4	3
50330	1	271	11	1	1
24934	1	14069	11	4	3
24918	1	14069	11	3	3
15965	1	5266	11	1	1
3	1	1031	11	1	1
20163	1	12072	11	1	1
17973	1	1968	11	1	1
18162	1	1014	11	4	3
476	1	1076	11	3	3
24827	1	15292	11	3	3
980126	1	1094	11	1	1
980023	1	1094	11	1	1
980092	1	1094	11	4	4
605	1	1088	11	4	3
45245	1	12007	11	4	4
6744	1	2262	11	3	3
15958	1	5266	11	3	1
132	1	1042	11	1	1
17661	1	2737	11	3	3
2102	2	210	11	4	3
553	1	1080	11	3	3
17965	1	1968	11	1	1
18042	1	2748	11	4	3
16130	1	5265	11	1	1
980173	1	1097	11	1	1
980111	1	1094	11	3	3
16100	1	5265	11	1	1
331	1	1173	11	3	3
24093	1	5410	11	4	3
6863	1	83	11	1	1
64056	1	5901	11	1	1
980106	1	1094	11	1	1
318	1	1025	11	3	3
212	1	290	11	2	2
363	1	1029	11	1	1
562	1	1079	11	3	3
17923	1	5901	11	1	1
980131	1	1094	11	3	3
49519	1	6215	11	4	4
9343	1	13970	11	1	1
64060	1	5901	11	1	1
50177	1	274	11	4	4
250	1	1127	11	3	3
16045	1	5266	11	3	3
49521	1	6216	11	3	1
50249	1	271	11	4	4
980150	1	1094	11	1	1
6738	1	2262	11	3	3
17880	1	5901	11	1	1
980109	1	1094	11	1	1
99	1	1042	11	1	1
11758	1	561	11	1	1
21063	1	1093	11	1	1
18358	1	1015	11	3	3
16155	1	5265	11	1	1
18239	1	1029	11	3	3
431	1	1079	11	4	3
6734	1	2262	11	4	4
9348	1	13970	11	3	3
6742	1	2262	11	4	4
24903	1	14069	11	4	3
9446	1	12895	11	3	3
125	1	1042	11	4	4
50226	1	271	11	3	3
980137	1	1094	11	3	3
354	1	1021	11	3	3
49482	1	6212	11	4	4
17934	1	1968	11	3	3
6791	1	2737	11	1	1
135	1	1042	11	4	3
483	1	1076	11	4	4
311	1	1014	11	1	1
980083	1	1094	11	1	1
624	1	1082	11	4	3
980088	1	1094	11	1	1
20157	1	12007	11	3	3
24813	1	15292	11	3	3
16176	1	12477	11	3	3
366	1	1021	11	4	4
17876	1	5901	11	1	1
17628	1	2459	11	1	1
291	1	1042	11	4	4
24267	1	2192	11	4	3
192	1	1007	11	3	3
16156	1	5265	11	1	1
1967	1	115103	11	3	3
17929	1	1968	11	1	1
18041	1	2748	11	1	1
980161	1	1096	11	1	3
20131	1	12007	11	3	1
120	1	1042	11	1	1
599	1	1082	11	4	3
68	1	6687	11	4	4
350	1	1021	11	3	3
11	1	901	11	4	4
127	1	1042	11	1	1
129	1	1042	11	1	1
331	1	1014	11	4	4
50246	1	271	11	3	3
510	1	1040	11	3	1
371	1	1192	11	3	3
1126	1	1057	11	3	3
6794	1	2737	11	1	1
980084	1	1094	11	1	1
233	1	1041	11	4	3
24888	1	14069	11	3	3
9408	1	12072	11	3	3
590	1	1088	11	4	4
1010	1	1093	11	3	3
356	1	1011	11	3	3
9342	1	13970	11	3	3
18037	1	2748	11	3	3
388	1	1051	11	3	3
9409	1	12072	11	3	3
17753	1	120	11	3	3
137	1	1042	11	3	3
133	1	1042	11	3	3
980012	1	1094	11	3	3
261	1	282	11	3	3
17631	1	2459	11	1	1
980036	1	1094	11	4	4
1951	1	1038	11	1	1
980080	1	1094	11	1	1
25001	1	15292	11	3	3
17955	1	1968	11	1	1
11747	1	561	11	1	1
959	1	1042	11	1	1
364	1	1024	11	4	4
24908	1	14069	11	1	1
618	1	1082	11	4	3
134	1	1042	11	3	3
980021	1	1094	11	3	3
504	1	1052	11	3	3
348	1	1054	11	3	3
275	1	1042	11	4	4
17708	1	4205	11	3	1
980026	1	1094	11	3	3
3814	1	5410	11	3	3
9395	1	14022	11	1	1
16116	1	5265	11	1	1
1070	1	1031	11	1	1
24886	1	14069	11	4	4
3804	1	5410	11	4	3
17614	1	2486	11	3	3
17903	1	5901	11	3	3
50321	1	271	11	3	3
24088	1	5410	11	4	3
602	1	1082	11	4	3
6819	1	2737	11	1	1
16085	1	5265	11	1	1
9445	1	14490	11	1	1
441	1	1194	11	1	1
980112	1	1094	11	3	3
980073	1	1094	11	4	4
191	1	290	11	3	3
50310	1	271	11	1	1
980113	1	1094	11	3	3
53619	1	1018	11	4	3
980082	1	1094	11	3	3
1706	1	115187	11	1	1
9377	1	13367	11	4	3
16099	1	5265	11	3	3
50300	1	271	11	1	1
16021	1	5266	11	4	3
15995	1	5266	11	1	1
164	1	310	11	3	3
359	1	1011	11	4	3
18324	1	1029	11	4	4
49415	1	6208	11	1	1
24985	1	14069	11	3	3
11740	1	561	11	1	1
457	1	1077	11	4	4
16040	1	5266	11	2	2
331	1	1021	11	1	1
484	1	1076	11	4	4
189	1	1007	11	3	1
980032	1	1094	11	3	3
980123	1	1094	11	1	1
24991	1	15292	11	1	1
980157	1	1095	11	1	1
12248	1	5266	11	1	1
1	1	1031	11	1	1
104	1	1042	11	3	3
6856	1	83	11	1	1
17901	1	5901	11	1	1
619	1	1082	11	3	1
102	1	1042	11	4	3
123	1	1029	11	3	3
17630	1	2459	11	3	1
17907	1	5901	11	3	3
11748	1	561	11	1	1
24878	1	14069	11	3	3
16143	1	5265	11	1	1
438	1	1055	11	3	3
50292	1	271	11	1	1
18361	1	1015	11	3	3
9366	1	14210	11	3	3
18038	1	2748	11	3	3
621	1	1082	11	4	3
17747	1	120	11	1	1
24890	1	14069	11	3	3
362	1	1048	11	4	4
15937	1	5266	11	1	1
50314	1	271	11	3	3
8571	1	11911	11	1	1
50229	1	271	11	1	1
17933	1	1968	11	1	1
1705	1	115187	11	1	1
8627	1	15622	11	3	1
24992	1	15292	11	1	1
9424	1	12739	11	4	4
24899	1	14069	11	3	3
344	1	1011	11	3	3
1716	1	115192	11	3	3
980172	1	1097	11	3	3
17927	1	1968	11	1	1
6739	1	2262	11	4	3
393	1	1022	11	1	1
12235	1	5266	11	1	1
434	1	1079	11	3	3
18393	1	1034	11	4	4
11776	1	561	11	1	1
5353	1	1214	11	4	4
1708	1	115187	11	3	3
980171	1	1097	11	1	1
50262	1	271	11	4	3
360	1	1011	11	4	4
4612	1	1045	11	3	3
18359	1	1015	11	3	3
466	1	1188	11	3	3
11760	1	561	11	3	3
50331	1	271	11	3	1
588	1	6689	11	1	1
479	1	1076	11	4	4
505	1	1052	11	3	3
16102	1	5265	11	1	1
980029	1	1094	11	3	3
24977	1	14069	11	1	1
24915	1	14069	11	3	3
76715	1	2113	11	1	1
17974	1	1968	11	1	1
1645	1	115113	11	1	1
16148	1	5265	11	3	3
24065	1	5410	11	1	1
316	1	1052	11	3	3
25002	1	15292	11	1	1
16141	1	5265	11	1	1
18322	1	1029	11	3	3
125	1	1031	11	3	1
980114	1	1094	11	4	4
16154	1	5265	11	1	1
50320	1	271	11	4	4
343	1	1020	11	3	3
980143	1	1094	11	4	3
92	1	1042	11	3	3
17910	1	5901	11	1	1
980017	1	1094	11	4	4
980085	1	1094	11	1	1
980030	1	1094	11	3	3
481	1	1076	11	3	3
482	1	1076	11	4	4
18328	1	1034	11	3	3
9873	1	2192	11	3	1
16055	1	5266	11	3	3
264	1	282	11	3	3
980138	1	1094	11	4	4
16039	1	5266	11	1	1
50290	1	271	11	1	1
1085	1	1031	11	1	1
1966	1	115183	11	1	1
17885	1	5901	11	3	3
314	1	1015	11	3	3
589	1	1082	11	4	4
578	1	1088	11	4	4
16138	1	5265	11	1	1
264	1	1042	11	4	4
50227	1	271	11	3	3
17957	1	1968	11	3	3
17899	1	5901	11	1	1
50250	1	271	11	4	3
24054	1	2192	11	1	1
339	1	1054	11	3	3
263	1	1042	11	4	3
16008	1	5266	11	4	3
980020	1	1094	11	1	1
16101	1	5265	11	3	3
6855	1	83	11	1	1
24816	1	15292	11	3	3
24902	1	14069	11	4	4
1687	1	115105	11	3	3
463	1	1188	11	3	3
8667	1	11911	11	1	1
499	1	1065	11	3	3
11803	1	2192	11	1	1
49480	1	6215	11	1	1
20634	1	5261	11	3	3
458	1	1077	11	4	4
91	1	1042	11	3	3
597	1	1082	11	4	3
18237	1	1015	11	4	3
3527	1	14674	11	1	1
15994	1	5266	11	3	3
24876	1	14069	11	3	3
11735	1	4064	11	1	1
24814	1	15292	11	3	3
17970	1	1968	11	1	1
50180	1	274	11	3	1
11755	1	561	11	1	1
24818	1	15292	11	3	3
17884	1	5901	11	3	3
456	1	1077	11	4	4
980129	1	1094	11	1	1
24993	1	15292	11	3	3
11741	1	561	11	1	1
319	1	1025	11	4	3
3798	1	5410	11	3	3
50222	1	271	11	3	1
980117	1	1094	11	1	1
18354	1	1014	11	3	3
213111	1	322	11	3	3
9387	1	14022	11	1	1
113	1	1042	11	4	4
3536	1	12557	11	1	1
50315	1	271	11	4	3
16024	1	5266	11	1	1
17748	1	120	11	3	3
17637	1	2737	11	1	1
175	1	1005	11	4	3
50261	1	271	11	3	3
15941	1	5266	11	3	3
2210	1	1012	11	4	4
24995	1	15292	11	4	3
16090	1	5265	11	1	1
980101	1	1094	11	3	1
980136	1	1094	11	4	4
136	1	1042	11	3	3
980081	1	1094	11	1	1
18320	1	1034	11	1	1
958	1	1042	11	3	3
980019	1	1094	11	1	1
18353	1	1014	11	4	4
17987	1	1968	11	3	3
980034	1	1094	11	1	1
50264	1	271	11	4	3
167	1	1005	11	3	3
477	1	1076	11	4	3
15957	1	5266	11	1	1
980099	1	1094	11	1	1
18284	1	1034	11	3	3
475	1	1076	11	4	4
24055	1	2192	11	1	1
16025	1	5266	11	1	1
1982	1	115181	11	1	1
9444	1	14490	11	1	1
16042	1	5266	11	1	1
16081	1	5265	11	1	1
217	1	290	11	4	4
50275	1	271	11	1	1
24070	1	5410	11	4	4
17895	1	5901	11	1	1
15992	1	5266	11	1	1
24064	1	5410	11	1	1
17634	1	2459	11	1	1
45252	1	12007	11	4	3
24839	1	15292	11	1	1
16122	1	5265	11	1	1
20151	1	12007	11	3	3
330	1	1011	11	1	1
24840	1	15292	11	4	3
50322	1	271	11	3	3
50298	1	271	11	3	3
49527	1	6213	11	3	1
980089	1	1094	11	1	1
16121	1	5265	11	1	1
24825	1	15292	11	3	3
980038	1	1094	11	1	1
18241	1	1029	11	4	4
30137	1	303481	11	1	1
16082	1	5265	11	1	1
980057	1	1094	11	1	1
103	1	1042	11	3	1
357	1	1001	11	3	3
117	1	1042	11	1	1
141	1	1005	11	1	1
980116	1	1094	11	3	3
980024	1	1094	11	4	3
15938	1	5266	11	1	1
329	1	1014	11	4	3
50228	1	271	11	3	1
18040	1	2748	11	3	3
17757	1	120	11	1	1
265	1	1042	11	4	4
24898	1	14069	11	3	3
980090	1	1094	11	3	3
18033	1	2748	11	1	1
5206	1	1132	11	3	3
18349	1	1029	11	4	4
157	1	1005	11	3	3
15954	1	5266	11	1	1
353	1	1029	11	3	3
50289	1	271	11	3	1
12269	1	5266	11	1	1
6831	1	2737	11	4	3
3806	1	5410	11	4	4
30136	1	303481	11	4	3
16087	1	5265	11	1	1
333	1	1001	11	1	1
980155	1	1095	11	3	3
346	1	1011	11	3	3
49485	1	6224	11	3	3
18068	1	2748	11	1	1
294	1	1122	11	4	4
317	1	1052	11	3	3
355	1	1011	11	3	3
980053	1	1094	11	1	1
17611	1	5303	11	3	3
18257	1	1029	11	4	4
24089	1	5410	11	4	4
201	1	1007	11	4	4
50291	1	271	11	3	3
365	1	1024	11	4	4
8759	1	15375	11	1	1
6850	1	83	11	3	3
3805	1	5410	11	4	4
5199	1	1118	11	4	3
16028	1	5266	11	4	3
24943	1	14069	11	1	1
16109	1	5265	11	1	1
50238	1	271	11	1	1
617	1	1082	11	3	3
9443	1	12442	11	4	4
17759	1	120	11	1	1
1970	1	115197	11	1	1
16127	1	5265	11	1	1
50277	1	271	11	3	3
1656	1	115114	11	1	1
1719	1	115186	11	3	3
16110	1	5265	11	1	1
16015	1	5266	11	3	3
12263	1	5266	11	4	4
11730	1	4064	11	3	3
130	1	1042	11	3	3
17662	1	2737	11	3	3
5352	1	1202	11	4	4
2	1	1031	11	3	3
980011	1	1094	11	3	3
16113	1	5265	11	3	3
16107	1	5265	11	3	3
16136	1	5265	11	1	1
12259	1	5266	11	4	4
50243	1	271	11	1	1
16001	1	5266	11	1	1
6798	1	2737	11	1	1
3562	1	10708	11	4	3
87	1	1042	11	1	1
329	1	1010	11	1	1
358	1	1011	11	4	3
8685	1	13964	11	1	1
17755	1	120	11	1	1
6809	1	2737	11	1	1
980086	1	1094	11	1	1
17639	1	2737	11	1	1
38	1	1093	11	1	1
20155	1	12007	11	1	1
12224	1	5266	11	1	1
15997	1	5266	11	3	3
600	1	1082	11	4	4
232	1	1041	11	3	3
24911	1	14069	11	3	3
340	1	1020	11	3	3
24923	1	14069	11	3	3
50174	1	273	11	4	3
16004	1	5266	11	3	3
266	1	1042	11	4	4
16089	1	5265	11	3	3
980121	1	1094	11	4	3
17728	1	2737	11	1	1
29609	1	1036	11	1	1
6827	1	2737	11	1	1
49516	1	6216	11	1	1
6801	1	2737	11	1	1
17751	1	120	11	1	1
347	1	1011	11	3	3
30158	1	303481	11	1	1
6799	1	2737	11	1	1
24974	1	14069	11	3	3
138	1	1042	11	3	3
980072	1	1094	11	4	4
24975	1	14069	11	3	1
214	1	290	12	2	2
526	1	1067	12	2	2
21283	1	318	12	4	4
5108	1	1186	12	2	2
207	1	281	12	4	4
21282	1	318	12	2	2
18198	1	1015	12	2	2
21266	1	318	12	2	2
213	1	290	12	2	2
18332	1	321	12	2	2
529	1	1073	12	2	2
21264	1	318	12	4	4
21269	1	318	12	2	2
251	1	305	12	2	2
5320	1	1186	12	4	4
21263	1	318	12	2	2
397	1	1037	12	4	4
208	1	281	12	2	2
368	1	1048	13	2	2
50305	1	271	13	4	4
517	1	1067	13	2	2
50336	1	271	13	2	2
77778	1	1152	13	2	2
50175	1	272	13	2	2
50306	1	271	13	4	2
61112	1	12007	13	2	2
559	1	1079	13	4	2
50271	1	271	13	2	2
50266	1	271	13	2	2
61113	1	12007	13	2	2
18208	1	1015	13	2	2
49533	1	6213	13	4	4
50260	1	271	13	2	2
145	1	307	13	2	2
1819	1	6679	13	2	2
18178	1	1014	13	4	4
18302	1	1034	13	2	2
50258	1	271	13	2	2
980100	1	1094	13	2	2
558	1	1079	13	2	2
50317	1	271	13	2	2
49420	1	6208	13	4	4
578	1	6685	13	2	2
61114	1	12007	13	2	2
25000	1	15292	13	2	2
18199	1	1015	13	2	2
370	1	1021	13	2	2
50253	1	271	13	2	2
520	1	1067	13	2	2
50311	1	271	13	2	2
61115	1	12007	13	2	2
50233	1	271	13	2	2
369	1	1048	13	2	2
18201	1	1015	13	2	2
367	1	1048	13	2	2
18207	1	1015	13	2	2
18388	1	1034	13	2	2
101	1	1042	13	2	2
18205	1	1015	13	2	2
585	1	1088	13	4	4
50265	1	271	13	2	2
49469	1	6216	13	2	2
50254	1	271	13	2	2
9999973	1	1042	13	2	2
50184	1	270	13	2	2
50268	1	271	13	2	2
50267	1	271	13	2	2
980122	1	1094	14	2	2
18188	1	1015	14	2	2
18264	1	1029	14	2	2
18213	1	1015	14	2	2
18204	1	1015	14	2	2
18190	1	1015	14	2	2
224	1	1041	14	2	2
595	1	6678	14	2	2
18259	1	1029	14	2	2
18309	1	1034	14	2	2
50263	1	271	14	2	2
583	1	1088	14	4	4
18172	1	1029	14	2	2
18200	1	1015	14	2	2
18301	1	1034	14	2	2
18389	1	1034	14	2	2
18255	1	1029	14	2	2
139	1	307	14	2	2
18263	1	1029	14	2	2
18226	1	1015	14	4	4
18165	1	1029	14	2	2
18398	1	1034	14	2	2
18364	1	1034	14	2	2
18377	1	1015	14	2	2
18167	1	1029	14	2	2
18195	1	1015	14	2	2
1750	1	6683	14	2	2
18311	1	1034	14	2	2
582	1	1088	14	4	4
205	1	281	14	4	2
18260	1	1029	14	2	2
227	1	279	14	2	2
18258	1	1029	14	2	2
980075	1	1094	14	2	2
219	1	310	14	2	2
140	1	313	14	2	2
18251	1	1029	14	2	2
18315	1	1034	14	2	2
18383	1	1014	14	2	2
226	1	279	14	2	2
18390	1	1029	14	2	2
18175	1	1029	14	2	2
115	1	1042	14	2	2
18314	1	1034	14	2	2
18321	1	1034	14	2	2
9999963	1	1036	14	2	2
724	1	1030	14	2	2
18400	1	1015	14	2	2
18249	1	1029	14	2	2
956	1	1042	14	2	2
209	1	281	14	2	2
18253	1	1029	14	2	2
18363	1	1034	14	2	2
576	1	1081	14	2	2
18211	1	1015	14	2	2
18166	1	1029	14	2	2
18210	1	1015	14	2	2
18312	1	1034	14	2	2
18168	1	1029	14	2	2
19306	1	1034	14	2	2
18169	1	1029	14	2	2
21316	1	320	14	2	2
105	1	1042	14	2	2
173	1	287	14	2	2
18250	1	1029	14	2	2
608	1	1088	14	2	2
18308	1	1034	14	2	2
223	1	297	14	4	4
18327	1	1029	14	2	2
220	1	278	14	2	2
18164	1	1029	14	2	2
18209	1	1015	14	2	2
18387	1	1034	14	2	2
49460	1	6214	15	2	2
50257	1	271	15	2	2
50172	1	273	15	2	2
50248	1	271	15	2	2
249	1	305	15	2	2
371	1	1048	15	2	2
50181	1	270	15	2	2
50256	1	271	15	2	2
225	1	288	15	2	2
564	1	1079	15	2	2
565	1	1079	15	2	2
531	1	1073	15	2	2
161	1	310	15	2	2
50259	1	271	15	2	2
372	1	1048	15	2	2
5185	1	1079	15	2	2
51851	1	1079	15	2	2
580	1	6686	15	2	2
527	1	1067	15	2	2
50224	1	271	15	2	2
594	1	6678	15	2	2
