ca_id	site_id	part_id	clust_leg	clust_te
15926	5266	1	1	1
12232	5266	1	1	2
17941	1968	1	1	3
50330	271	1	1	2
3588	15565	1	1	4
6823	2737	1	1	5
9351	13970	1	1	6
16118	5265	1	1	7
112	115213	1	1	8
76720	2113	1	1	8
872	115210	1	1	8
3	1031	1	1	6
24101	2192	1	1	8
3552	11783	1	1	4
8664	12042	1	1	7
139	1005	1	1	7
844	115210	1	1	8
182	281	1	1	8
21291	318	1	1	5
381	1013	1	1	7
17960	1968	1	1	5
8584	11911	1	1	7
3556	12731	1	1	7
843	6675	1	1	7
6857	83	1	1	5
3511	11783	1	1	4
1080	1056	1	1	3
930	1056	1	1	5
927	1049	1	1	5
448	1072	1	1	6
15960	5266	1	1	9
3493	15469	1	1	7
50334	271	1	1	10
8841	13242	1	1	8
17873	5901	1	1	8
17965	1968	1	1	2
92706	11934	1	1	4
24980	14069	1	1	2
2006	115225	1	1	10
386	1013	1	1	7
5204	1132	1	1	3
1626	115113	1	1	4
400	1037	1	1	3
1841	115174	1	1	4
539	1080	1	1	5
92703	11934	1	1	4
3551	11783	1	1	4
1621	115115	1	1	7
18103	5894	1	1	6
6863	83	1	1	8
494	1067	1	1	4
12227	5266	1	1	10
17609	5303	1	1	1
1709	6674	1	1	4
92700	11934	1	1	7
3592	15565	1	1	7
6747	2262	1	1	10
109	6661	1	1	4
99	6661	1	1	5
1619	115130	1	1	4
24891	14069	1	1	8
493	1067	1	1	6
16014	5266	1	1	1
8749	15375	1	1	7
1005	1005	1	1	6
98	6661	1	1	8
12234	5266	1	1	2
24889	14069	1	1	10
12240	5266	1	1	5
21288	318	1	1	8
50285	271	1	1	10
1822	115123	1	1	10
16171	12477	1	1	6
557	6676	1	1	5
16054	5266	1	1	4
506	1040	1	1	4
8813	11786	1	1	4
15991	5266	1	1	7
17881	5901	1	1	6
50270	271	1	1	10
105	6661	1	1	4
8674	15238	1	1	4
17883	5901	1	1	4
16086	5265	1	1	1
17880	5901	1	1	8
167	312	1	1	8
452	1064	1	1	8
8573	11911	1	1	7
24261	2192	1	1	8
95	6661	1	1	5
8586	11911	1	1	8
128	1042	1	1	4
99	1042	1	1	8
888	115210	1	1	8
980151	1094	1	1	9
29940	5266	1	1	9
17733	2737	1	1	8
1436	143	6	1	6
3549	11783	1	1	4
8758	15375	1	1	7
21063	1093	1	1	1
11804	2192	1	1	5
216	290	1	1	8
16043	5266	1	1	10
996	115132	1	1	4
1798	115193	1	1	8
1652	115173	1	1	7
3580	14429	1	1	4
77777	1182	1	1	10
14071	1009	1	1	5
17610	5303	1	1	1
9399	14022	1	1	10
29909	5894	1	1	8
21292	318	1	1	5
21296	317	1	1	8
138	1204	1	1	5
918	1112	1	1	7
3581	14428	1	1	7
1840	115174	1	1	7
3794	5410	1	1	6
507	1040	1	1	5
24268	2192	1	1	3
980144	1094	1	1	8
420	1002	1	1	5
24090	5410	1	1	3
399	1037	1	1	3
17648	2737	1	1	1
1616	115223	1	1	4
15932	5266	1	1	7
3553	11783	1	1	4
6791	2737	1	1	8
24104	2192	1	1	6
8583	11911	1	1	7
980102	1094	1	1	8
15921	5266	1	1	9
6822	2737	1	1	8
92697	11934	1	1	4
8825	12378	1	1	4
328	1048	1	1	2
6848	83	1	1	3
6730	2262	1	1	6
3582	15565	1	1	8
11806	2192	1	1	7
179	281	1	1	8
50231	271	1	1	10
980088	1094	1	1	6
293	1127	1	1	7
13580	12191	1	1	4
8630	14493	1	1	7
8741	13862	1	1	10
378	1013	1	1	7
1437	143	7	1	6
24957	14069	1	1	6
18313	1034	1	1	8
17876	5901	1	1	10
2105	12581	1	1	7
24058	5410	1	1	3
17867	4248	1	1	6
17734	2737	1	1	2
2079	12581	1	1	7
17872	5901	1	1	4
11812	2192	1	1	6
387	1013	1	1	7
16119	5265	1	1	1
165	165	1	1	6
17645	2737	1	1	1
451	1064	1	1	5
16011	5266	1	1	1
24062	5410	1	1	8
6817	2737	1	1	6
6816	2737	1	1	2
24084	5410	1	1	6
12260	5266	1	1	2
6732	2262	1	1	10
125	6677	1	1	8
8767	15375	1	1	6
1599	115200	1	1	2
24986	14069	1	1	6
61123	12007	1	1	2
585	6663	1	1	5
8615	14085	1	1	4
1827	115125	1	1	4
1745	6683	1	1	8
12262	5266	1	1	7
24266	2192	1	1	3
15963	5266	1	1	9
21297	317	1	1	8
21293	318	1	1	5
41326	5257	1	1	8
104	6661	1	1	5
61116	12007	1	1	6
1808	115205	1	1	4
3557	12731	1	1	4
17737	2737	1	1	3
9390	14022	1	1	6
16007	5266	1	1	8
6854	83	1	1	8
15916	5266	1	1	1
406	1002	1	1	5
417	1002	1	1	5
9452	15291	1	1	6
6860	83	1	1	5
24252	2192	1	1	4
8843	15660	1	1	4
18102	5894	1	1	1
61132	12007	1	1	4
86	1042	1	1	8
76751	5511	1	1	2
50038	6338	1	1	2
92702	11934	1	1	7
50240	271	1	1	10
15944	5266	1	1	6
50274	271	1	1	10
1650	115115	1	1	7
3513	14791	1	1	7
6731	2262	1	1	10
3809	5410	1	1	3
24081	5410	1	1	6
896	115210	1	1	8
1891	115160	1	1	6
416	1002	1	1	10
17915	5901	1	1	1
299	1127	1	1	7
17932	1968	1	1	8
8632	14493	1	1	7
6812	2737	1	1	3
24100	2192	1	1	6
6846	83	1	1	8
403	1037	1	1	3
5345	1142	1	1	3
3591	15565	1	1	4
3507	14435	1	1	7
8761	15375	1	1	7
24091	5410	1	1	6
15985	5266	1	1	1
20649	5259	1	1	6
3539	11917	1	1	5
538	1080	1	1	9
1753	6672	1	1	7
3585	15565	1	1	7
8782	13145	1	1	4
187	187	1	1	6
1613	115222	1	1	2
50276	271	1	1	4
17955	1968	1	1	8
8831	15668	1	1	7
17886	5901	1	1	4
8624	14493	1	1	7
24264	2192	1	1	3
16181	5261	1	1	1
1695	115190	1	1	5
1328	115135	1	1	4
1620	115175	1	1	7
980149	1094	1	1	7
291	1122	1	1	2
16178	5512	1	1	5
519	1067	1	1	5
24933	14069	1	1	6
515	1067	1	1	5
1785	115219	1	1	8
545	1080	1	1	4
8663	12042	1	1	4
16094	5265	1	1	1
11783	561	1	1	5
6755	840	1	1	8
144	276	1	1	3
8740	13862	1	1	10
12221	5266	1	1	8
3525	14674	1	1	6
21295	318	1	1	3
427	1035	1	1	5
9395	14022	1	1	8
1965	115151	1	1	8
21298	317	1	1	8
980058	1094	1	1	2
1070	1031	1	1	6
3521	13216	1	1	4
980148	1094	1	1	9
8822	10622	1	1	8
61126	12007	1	1	2
1421	142	1	1	6
1623	115117	1	1	4
8575	11911	1	1	4
917	1112	1	1	7
3799	5410	1	1	6
17878	5901	1	1	4
24263	2192	1	1	3
584	6663	1	1	5
92701	11934	1	1	7
1603	115171	1	1	4
3495	12710	1	1	5
6819	2737	1	1	6
100	314	1	1	5
24970	14069	1	1	10
29614	1036	1	1	5
16044	5266	1	1	8
17906	5901	1	1	6
17962	1968	1	1	3
11786	561	1	1	8
1695	115168	1	1	5
3509	10806	1	1	7
16128	5265	1	1	8
6839	83	1	1	8
3547	11783	1	1	4
1624	115155	1	1	4
8581	11911	1	1	4
425	1035	1	1	5
92149	11934	1	1	5
1805	115128	1	1	6
21304	326	1	1	8
3517	10807	1	1	4
6872	83	1	1	10
3800	5410	1	1	3
17730	2737	1	1	1
8631	13994	1	1	4
9352	13970	1	1	6
3802	5410	1	1	10
550	1080	1	1	7
50329	271	1	1	10
429	1035	1	1	3
21299	317	1	1	8
18223	1015	1	1	8
1011	1093	1	1	6
1425	142	5	1	6
63256	2356	1	1	6
9160	14377	1	1	7
24085	5410	1	1	6
9371	14210	1	1	4
757	6662	1	1	5
76756	5511	1	1	2
1969	115167	1	1	6
398	1037	1	1	3
1968	115172	1	1	6
50295	271	1	1	10
24851	15292	1	1	8
492	1067	1	1	4
196	291	1	1	8
6729	2262	1	1	6
12242	5266	1	1	10
29963	15375	1	1	10
18031	2748	1	1	2
326	1011	1	1	2
8577	11911	1	1	6
463	1072	1	1	4
63239	2356	1	1	8
8578	11911	1	1	4
557	1079	1	1	5
15925	5266	1	1	2
402	1037	1	1	3
92696	11934	1	1	4
428	1035	1	1	5
322	1001	1	1	10
6840	83	1	1	10
1662	115196	1	1	8
24991	15292	1	1	8
1821	115141	1	1	10
15923	5266	1	1	6
20153	12007	1	1	3
980157	1095	1	1	2
16117	5265	1	1	1
3514	14791	1	1	7
24927	14069	1	1	3
103	6661	1	1	5
16163	12480	1	1	6
6856	83	1	1	8
8753	15375	1	1	4
15920	5266	1	1	7
1659	115102	1	1	7
1977	115214	1	1	4
17985	1968	1	1	3
1333	115144	1	1	8
8847	15425	1	1	6
3542	12455	1	1	4
8760	15375	1	1	7
8634	14493	1	1	7
1969	12581	1	1	7
11748	561	1	1	8
24265	2192	1	1	3
6743	2262	1	1	10
61133	12007	1	1	4
53502	1127	1	1	6
3796	5410	1	1	3
16016	5266	1	1	1
3558	12731	1	1	4
8546	11148	1	1	4
1627	115189	1	1	4
1975	115202	1	1	6
1666	115191	1	1	4
50292	271	1	1	10
3545	11783	1	1	4
324	1016	1	1	2
6815	2737	1	1	5
24907	14069	1	1	6
8576	11911	1	1	7
15961	5266	1	1	9
17655	2737	1	1	1
12261	5266	1	1	2
17959	1968	1	1	8
8823	12378	1	1	4
845	115210	1	1	8
1838	115221	1	1	4
16120	5265	1	1	8
15937	5266	1	1	10
24870	15292	1	1	6
18034	2748	1	1	6
8750	15375	1	1	7
323	1017	1	1	6
3512	11783	1	1	7
1611	115148	1	1	7
8553	11895	1	1	6
775	6666	1	1	5
8571	11911	1	1	8
3559	12731	1	1	4
16018	5266	1	1	8
1632	115184	1	1	7
1705	115187	1	1	8
16046	5266	1	1	4
240	312	1	1	5
3519	11949	1	1	7
1825	115215	1	1	2
18276	1029	1	1	7
24086	5410	1	1	10
3801	5410	1	1	6
6737	2262	1	1	10
1709	115136	1	1	4
8580	11911	1	1	4
1654	115175	1	1	4
3524	12621	1	1	4
551	6684	1	1	5
17938	1968	1	1	3
8713	14062	1	1	7
18039	2748	1	1	6
6728	2262	1	1	2
1839	115174	1	1	4
8756	15375	1	1	7
3560	13906	1	1	7
11776	561	1	1	8
6875	83	1	1	8
12243	5266	1	1	10
17647	2737	1	1	9
209	209	1	1	6
6853	83	1	1	5
32	901	1	1	7
6751	2262	1	1	3
30146	303481	1	1	2
980142	1094	1	1	6
16093	5265	1	1	3
24982	14069	1	1	6
20156	12007	1	1	5
12230	5266	1	1	1
16121	115154	1	1	7
16056	5266	1	1	1
6735	2262	1	1	8
385	1013	1	1	7
17620	2486	1	1	8
50342	6405	1	1	10
45960	12007	1	1	5
24860	15292	1	1	2
61127	12007	1	1	4
1601	115129	1	1	5
8762	15375	1	1	7
3596	15565	1	1	7
8797	10634	1	1	7
8633	15621	1	1	7
17656	2737	1	1	1
3573	10574	1	1	7
106	313	1	1	5
8572	11911	1	1	4
16031	5266	1	1	1
1979	115152	1	1	6
1809	251391	1	1	8
1648	115211	1	1	7
6752	2262	1	1	3
9895	2192	1	1	3
16022	5266	1	1	1
1701	6665	1	1	8
17949	1968	1	1	6
3503	14016	1	1	7
8798	14222	1	1	5
12251	5266	1	1	4
3491	14272	1	1	7
24977	14069	1	1	6
1984	115117	1	1	8
3501	15302	1	1	7
24956	14069	1	1	3
3515	14791	1	1	7
1842	115110	1	1	5
1645	115113	1	1	2
24916	14069	1	1	6
379	1013	1	1	7
30161	303481	1	1	3
12252	5266	1	1	10
8720	15660	1	1	4
3497	13698	1	1	7
20650	5258	1	1	6
1598	115128	1	1	10
25002	15292	1	1	2
16141	5265	1	1	1
934	115121	1	1	8
3793	5410	1	1	6
20645	4248	1	1	3
18220	1015	1	1	3
21321	1015	1	1	8
50282	271	1	1	4
595	251151	1	1	4
6825	2737	1	1	8
6821	2737	1	1	5
1650	115207	1	1	7
3504	14016	1	1	7
17979	1968	1	1	6
383	1013	1	1	7
24928	14069	1	1	6
92705	11934	1	1	10
6741	2262	1	1	8
24855	15292	1	1	10
1963	115176	1	1	4
3555	12731	1	1	4
17986	1968	1	1	1
1059	1031	1	1	5
3550	11783	1	1	4
24071	5410	1	1	3
92699	11934	1	1	7
3808	5410	1	1	3
3544	11783	1	1	4
2089	13838	1	1	4
8842	15660	1	1	7
6864	83	1	1	3
8788	12062	1	1	4
16039	5266	1	1	1
581	6686	1	1	4
17875	5901	1	1	8
50290	271	1	1	10
16019	5266	1	1	1
1634	115112	1	1	5
431	1035	1	1	2
549	1080	1	1	7
92148	11934	1	1	4
6740	2262	1	1	10
8754	15375	1	1	4
1826	115140	1	1	2
423	1002	1	1	3
980091	1094	1	1	2
1894	115166	1	1	5
20149	12007	1	1	3
8790	12062	1	1	4
17971	1968	1	1	1
17890	5901	1	1	6
6756	840	1	1	8
16138	5265	1	1	8
1698	115162	1	1	10
409	1002	1	1	5
17741	120	1	1	8
15977	5266	1	1	9
61117	12007	1	1	6
8547	11148	1	1	4
61131	12007	1	1	4
6849	83	1	1	3
90	306	1	1	4
1754	6673	1	1	4
24833	15292	1	1	4
3502	12940	1	1	7
16012	5266	1	1	1
92695	11934	1	1	7
17894	5901	1	1	1
24054	2192	1	1	2
24061	5410	1	1	3
17769	120	1	1	10
8548	11148	1	1	4
100	6661	1	1	4
8626	14493	1	1	7
16035	5266	1	1	10
21309	322	1	1	5
3587	15565	1	1	4
1804	115146	1	1	4
3795	5410	1	1	6
76716	2113	1	1	8
6855	83	1	1	8
8844	15425	1	1	7
12241	5266	1	1	4
6796	2737	1	1	6
432	1035	1	1	5
12071	11146	1	1	4
3510	14229	1	1	7
560	1079	1	1	7
12250	5266	1	1	1
188	290	1	1	5
30150	303481	1	1	3
1424	142	4	1	6
16003	5266	1	1	1
17874	5901	1	1	8
8667	11911	1	1	8
1710	115182	1	1	7
11803	2192	1	1	2
6800	2737	1	1	3
433	1035	1	1	2
6851	83	1	1	6
8560	14524	1	1	8
20148	12007	1	1	8
66900	15561	1	1	4
154	1172	1	1	5
6852	83	1	1	8
3527	14674	1	1	8
8792	12062	1	1	4
15990	5266	1	1	9
182	1027	1	1	5
8665	15621	1	1	7
30152	303481	1	1	2
15979	5266	1	1	2
50252	271	1	1	4
9889	2192	1	1	8
1614	115119	1	1	7
17710	4205	1	1	1
980110	1094	1	1	4
109	115156	1	1	7
561	6676	1	1	5
980129	1094	1	1	8
156	281	1	1	8
394	1022	1	1	5
8742	13862	1	1	3
24853	15292	1	1	6
76721	5511	1	1	2
41335	5257	1	1	10
3810	5410	1	1	10
8544	11148	1	1	4
1431	143	1	1	6
18045	2748	1	1	8
16026	5266	1	1	8
8830	11395	1	1	4
16053	5266	1	1	10
24073	2192	1	1	8
96	6661	1	1	4
17760	120	1	1	6
547	6684	1	1	5
3598	15565	1	1	7
1331	115135	1	1	3
50230	271	1	1	10
17940	1968	1	1	1
3572	10574	1	1	4
6501	14234	1	1	7
980117	1094	1	1	2
92698	11934	1	1	4
15929	5266	1	1	5
16027	5266	1	1	9
8698	15424	1	1	6
17749	120	1	1	2
76754	5511	1	1	10
15934	5266	1	1	2
24867	15292	1	1	8
6818	2737	1	1	8
1434	143	4	1	6
15962	5266	1	1	10
64063	5901	1	1	8
92146	11934	1	1	4
24872	14069	1	1	6
106	115156	1	1	7
15950	5266	1	1	9
5203	1132	1	1	3
11780	561	1	1	6
755	6662	1	1	5
384	1013	1	1	7
1820	115188	1	1	5
12264	5266	1	1	10
3536	12557	1	1	8
3500	10537	1	1	7
465	1072	1	1	9
17937	1968	1	1	1
135	306	1	1	5
6736	2262	1	1	10
50288	271	1	1	10
12253	5266	1	1	4
12066	11146	1	1	4
414	1002	1	1	5
17649	2737	1	1	1
382	1013	1	1	7
15972	5266	1	1	10
8582	11911	1	1	4
18279	1034	1	1	5
92704	11934	1	1	5
12226	5266	1	1	1
1422	142	2	1	6
31	901	1	1	4
3494	14016	1	1	7
17731	2737	1	1	1
24983	14069	1	1	6
1633	115170	1	1	4
6859	83	1	1	5
980034	1094	1	1	2
947	1042	1	1	5
321	1020	1	1	2
17657	2737	1	1	1
30	901	1	1	4
15957	5266	1	1	8
6	901	1	1	8
327	1011	1	1	2
933	115126	1	1	7
6790	2737	1	1	8
980099	1094	1	1	8
24055	2192	1	1	2
104	306	1	1	5
50335	271	1	1	10
295	1112	1	1	7
15956	5266	1	1	9
9444	14490	1	1	8
92694	11934	1	1	4
9376	13367	1	1	10
1787	115216	1	1	4
3600	15565	1	1	7
17654	2737	1	1	1
8545	11148	1	1	4
16081	5265	1	1	1
841	115210	1	1	2
1664	115101	1	1	4
50275	271	1	1	2
8757	15375	1	1	7
1895	251391	1	1	10
17770	120	1	1	6
1953	1038	1	1	4
3526	10807	1	1	8
274	1042	1	1	10
20139	12007	1	1	8
1617	115194	1	1	4
3564	15945	1	1	5
9871	2192	1	1	4
8670	15621	1	1	6
6805	2737	1	1	1
15993	5266	1	1	10
20651	5258	1	1	6
1801	115122	1	1	4
24954	14069	1	1	6
24897	14069	1	1	6
3601	15565	1	1	4
1784	115109	1	1	6
1649	115178	1	1	5
546	6684	1	1	5
21287	318	1	1	10
8570	11911	1	1	7
16122	5265	1	1	8
94	6661	1	1	5
6858	83	1	1	2
375	1013	1	1	7
63064	2085	1	1	3
8712	10958	1	1	7
16047	5266	1	1	9
50296	271	1	1	10
108	115142	1	1	1
3499	11955	1	1	7
411	1002	1	1	5
3520	11956	1	1	4
3506	10225	1	1	7
6753	2262	1	1	10
6841	83	1	1	3
3522	14481	1	1	4
16006	5266	1	1	10
1432	143	2	1	6
24896	14069	1	1	6
6727	2262	1	1	2
8789	12062	1	1	4
415	1002	1	1	5
980089	1094	1	1	6
8587	11911	1	1	4
15959	5266	1	1	8
8662	15621	1	1	7
1602	115127	1	1	4
980038	1094	1	1	2
8625	14493	1	1	7
12245	5266	1	1	10
30137	303481	1	1	2
3505	14016	1	1	7
16082	5265	1	1	2
980057	1094	1	1	6
107	6661	1	1	5
373	1013	1	1	7
1636	115208	1	1	5
1423	142	3	1	6
980031	1094	1	1	2
16129	5265	1	1	1
3546	14434	1	1	4
1660	115111	1	1	8
3807	5410	1	1	3
929	1049	1	1	5
117	1042	1	1	6
15938	5266	1	1	10
1653	115218	1	1	7
8671	11911	1	1	7
8824	12378	1	1	4
50302	271	1	1	10
61134	10187	1	1	4
842	6675	1	1	7
1625	115107	1	1	2
137	294	1	1	5
24971	14069	1	1	6
61130	12007	1	1	2
111	1042	1	1	8
1435	143	5	1	6
18047	2748	1	1	9
88	6661	1	1	5
24881	14069	1	1	3
3589	15565	1	1	4
92	306	1	1	5
422	1002	1	1	5
8848	14676	1	1	8
376	1013	1	1	7
12257	5266	1	1	3
8724	15660	1	1	7
12231	5266	1	1	1
8787	12062	1	1	4
8752	15375	1	1	4
8765	15375	1	1	7
690	251181	1	1	8
24069	5410	1	1	3
8549	13099	1	1	5
24895	14069	1	1	3
1438	143	8	1	6
1621	115207	1	1	7
16000	5266	1	1	10
17887	5901	1	1	8
413	1002	1	1	3
6745	2262	1	1	10
129	306	1	1	5
15928	5266	1	1	7
895	115210	1	1	8
24082	5410	1	1	3
18068	2748	1	1	6
76719	2113	1	1	3
17948	1968	1	1	8
432	1079	1	1	8
8561	11911	1	1	4
3571	10574	1	1	7
1708	6674	1	1	4
418	1002	1	1	2
9999465	6667	1	1	4
92083	11934	1	1	4
6847	83	1	1	10
15946	5266	1	1	9
1612	115154	1	1	7
374	1013	1	1	7
3543	11783	1	1	4
8759	15375	1	1	8
16041	5266	1	1	9
174	287	1	1	10
61136	10187	1	1	2
333	1173	1	1	3
3496	15302	1	1	7
8791	12062	1	1	4
16127	5265	1	1	8
8550	13099	1	1	7
1663	115203	1	1	4
16150	5265	1	1	3
1656	115114	1	1	2
691	1209	1	1	10
183	1027	1	1	5
3590	15565	1	1	4
30145	303481	1	1	10
3570	10574	1	1	7
16037	5266	1	1	10
50338	6434	1	1	2
380	1013	1	1	7
1643	115212	1	1	7
24879	14069	1	1	10
1755	6673	1	1	4
24953	14069	1	1	6
17650	2737	1	1	1
604	115134	1	1	8
8796	11691	1	1	7
24074	2192	1	1	6
76723	5511	1	1	2
111	115179	1	1	8
3530	11325	1	1	8
91	306	1	1	10
516	1067	1	1	5
3563	14993	1	1	6
138	294	1	1	5
18280	1034	1	1	5
21294	318	1	1	10
3492	14016	1	1	7
63221	2356	1	1	8
31191	1106	1	1	8
3554	11783	1	1	4
12247	5266	1	1	3
1661	115116	1	1	8
421	1002	1	1	5
24075	2192	1	1	6
50243	271	1	1	2
17879	5901	1	1	4
16001	5266	1	1	10
24083	5410	1	1	6
297	1112	1	1	7
87	1042	1	1	6
24080	5410	1	1	6
3584	15565	1	1	4
377	1013	1	1	7
21320	1015	1	1	5
3537	13788	1	1	6
8832	10875	1	1	7
12238	5266	1	1	1
6809	2737	1	1	2
17643	2737	1	1	1
8585	11911	1	1	4
92147	11934	1	1	4
3498	14016	1	1	7
803	115118	1	1	7
8763	15375	1	1	7
38	1093	1	1	1
24912	14069	1	1	3
12224	5266	1	1	1
1756	6673	1	1	7
183	281	1	1	8
3548	11783	1	1	7
9422	12739	1	1	6
3797	5410	1	1	6
6726	2262	1	1	10
12233	5266	1	1	1
3574	10574	1	1	7
890	115210	1	1	8
424	1002	1	1	5
65	6687	1	1	7
284	1112	1	1	7
24926	14069	1	1	6
16009	5266	1	1	10
8579	11911	1	1	4
17653	2737	1	1	1
8764	15375	1	1	7
15996	5266	1	1	1
108	6661	1	1	8
532	1067	1	1	7
15967	5266	1	1	1
3583	15565	1	1	7
3586	15565	1	1	4
16036	5266	1	1	10
9999972	1042	1	1	10
24894	14069	1	1	8
15984	5266	1	1	2
17618	2486	1	1	5
8766	15375	1	1	8
76746	5511	1	1	2
24969	14069	1	1	6
49478	6224	1	1	2
980096	1094	1	1	8
18046	2748	1	1	1
18087	2748	1	1	8
555	6676	1	1	5
1604	115106	1	1	4
511	1040	1	1	5
3561	14050	1	1	5
8574	11911	1	1	4
181	1027	1	1	5
1330	115135	1	1	8
6725	2262	1	1	10
1644	115158	1	1	7
15989	5266	1	1	1
24968	14069	1	1	3
11746	561	1	2	1
50325	271	1	2	2
470	1076	1	2	3
292	1122	1	2	4
49526	6213	1	2	5
237	287	1	2	2
24934	14069	1	2	6
24918	14069	1	2	7
21326	1029	1	2	3
172	1005	1	2	8
24981	14069	1	2	6
12268	5266	1	2	2
995	115132	1	2	9
15965	5266	1	2	3
234	310	1	2	4
18319	1034	1	2	4
247	305	1	2	8
29612	1036	1	2	10
843	115210	1	2	9
9896	2192	1	2	2
24836	15292	1	2	7
20163	12072	1	2	4
17973	1968	1	2	1
334	1011	1	2	5
3813	5410	1	2	2
16164	12477	1	2	2
9897	2192	1	2	9
11751	561	1	2	1
18381	1014	1	2	4
476	1076	1	2	10
21278	318	1	2	8
6342	1009	1	2	4
15949	5266	1	2	3
1329	115135	1	2	8
9382	14022	1	2	2
24827	15292	1	2	2
980126	1094	1	2	9
17797	120	1	2	3
4722	1188	1	2	4
980023	1094	1	2	6
17897	5901	1	2	3
701	1195	1	2	8
24859	15292	1	2	5
893	115210	1	2	9
290	1042	1	2	4
512	1040	1	2	5
5198	1118	1	2	7
16111	5265	1	2	3
18338	323	1	2	8
6744	2262	1	2	4
15958	5266	1	2	3
1782	115153	1	2	9
132	1042	1	2	2
24935	14069	1	2	6
17661	2737	1	2	2
1304	130	4	2	2
9428	12739	1	2	7
433	1079	1	2	9
21290	318	1	2	8
553	1080	1	2	5
9425	12739	1	2	2
257	282	1	2	2
50279	271	1	2	6
49473	6240	1	2	5
8755	15375	1	2	2
18042	2748	1	2	2
620	1082	1	2	3
16130	5265	1	2	3
50323	271	1	2	5
980173	1097	1	2	6
980111	1094	1	2	4
980094	1094	1	2	5
18262	1029	1	2	4
16100	5265	1	2	1
6865	83	1	2	4
331	1173	1	2	9
24093	5410	1	2	7
30144	303481	1	2	7
280	1127	1	2	5
64056	5901	1	2	2
197	281	1	2	8
30162	303481	1	2	7
250	305	1	2	4
980106	1094	1	2	2
318	1025	1	2	2
1810	6680	1	2	8
363	1029	1	2	6
562	1079	1	2	9
5207	1134	1	2	9
147	302	1	2	9
17923	5901	1	2	3
15980	5266	1	2	1
64004	12477	1	2	7
496	1065	1	2	10
337	1010	1	2	5
1740	6683	1	2	8
9343	13970	1	2	4
64060	5901	1	2	3
18161	1029	1	2	2
15927	5266	1	2	3
21285	318	1	2	2
9389	14022	1	2	2
250	1127	1	2	5
21315	1041	1	2	10
24924	14069	1	2	6
108	304	1	2	2
24932	14069	1	2	6
17975	1968	1	2	3
16045	5266	1	2	2
18105	5894	1	2	2
49521	6216	1	2	4
16135	5265	1	2	2
1818	6680	1	2	4
50294	271	1	2	2
3508	12557	1	2	8
5	901	2	2	2
6804	2737	1	2	3
1954	1038	1	2	8
980150	1094	1	2	3
50309	271	1	2	2
24253	2192	1	2	8
6738	2262	1	2	4
16088	5265	1	2	3
390	1013	1	2	9
1742	6683	1	2	8
6803	2737	1	2	2
63246	2356	1	2	10
265	1127	1	2	8
57	1153	1	2	9
136	294	1	2	8
489	1074	1	2	4
6789	2737	1	2	3
21272	318	1	2	8
332	1011	1	2	5
980109	1094	1	2	4
150	308	1	2	8
980028	1094	1	2	4
32190	1106	1	2	6
24964	14069	1	2	6
30143	303481	1	2	7
41336	5257	1	2	6
24905	14069	1	2	9
24921	14069	1	2	6
20125	12007	1	2	8
6873	83	1	2	4
559	6676	1	2	8
11758	561	1	2	3
6836	83	1	2	2
89	6661	1	2	8
171	1005	1	2	9
142	275	1	2	4
18245	1029	1	2	8
11778	561	1	2	2
4721	1188	1	2	4
15945	5266	1	2	10
18358	1015	1	2	2
16155	5265	1	2	3
170	287	1	2	4
128	294	1	2	8
187	290	1	2	4
980165	1096	1	2	9
17625	2459	1	2	1
18239	1029	1	2	9
17664	2737	1	2	3
238	285	1	2	8
24877	14069	1	2	6
53615	1018	1	2	10
9393	14022	1	2	2
24826	15292	1	2	8
18254	1029	1	2	4
49483	6224	1	2	5
21311	322	1	2	4
76757	5265	1	2	6
6811	2737	1	2	2
8828	15309	1	2	8
9348	13970	1	2	2
136	1172	1	2	4
18036	2748	1	2	4
9446	12895	1	2	2
248	1127	1	2	5
16144	5265	1	2	2
8551	11911	1	2	4
15998	5266	1	2	2
11754	561	1	2	1
8666	10923	1	2	8
119	115115	1	2	9
50226	271	1	2	6
9379	13367	1	2	6
16157	11000	1	2	4
21281	318	1	2	7
17945	1968	1	2	1
980137	1094	1	2	2
916	1112	1	2	5
24820	15292	1	2	5
50341	6405	1	2	5
354	1021	1	2	5
17934	1968	1	2	7
957	1042	1	2	10
9355	13970	1	2	2
135	1042	1	2	2
76759	2515	1	2	6
24852	15292	1	2	5
49524	6213	1	2	5
18330	321	1	2	8
28	901	1	2	2
11785	561	1	2	3
980156	1095	1	2	6
318	1059	1	2	8
9353	13970	1	2	2
311	1014	1	2	6
980083	1094	1	2	6
720	1058	1	2	10
9334	13970	1	2	2
6757	70	1	2	4
12272	5266	1	2	3
18197	1015	1	2	4
20157	12007	1	2	7
90	6661	1	2	5
6867	83	1	2	4
18271	1029	1	2	8
552	6684	1	2	8
50318	271	1	2	6
24813	15292	1	2	6
780	1030	1	2	10
185	1027	1	2	10
18044	2748	1	2	3
16048	5266	1	2	3
11756	561	1	2	2
7382	1041	1	2	9
50178	274	1	2	6
130	306	1	2	8
16176	12477	1	2	4
88	280	1	2	4
582	6686	1	2	8
24913	14069	1	2	7
614	1091	1	2	5
17958	1968	1	2	3
1805	6680	1	2	8
24987	14069	1	2	6
17628	2459	1	2	3
18299	1034	1	2	8
1746	6683	1	2	8
24255	2192	1	2	7
15974	5266	1	2	3
21306	324	1	2	5
722	1030	1	2	10
18407	1034	1	2	8
140	1172	1	2	8
268	1127	1	2	6
187	1027	1	2	10
181	281	1	2	8
178	281	1	2	8
11781	561	1	2	2
49530	6213	1	2	5
8699	15424	1	2	2
889	115210	1	2	9
262	282	1	2	5
24267	2192	1	2	7
18336	319	1	2	8
18244	1029	1	2	8
110	315	1	2	8
192	1007	1	2	2
24919	14069	1	2	6
16156	5265	1	2	1
1967	115103	1	2	7
17943	1968	1	2	2
17929	1968	1	2	1
18041	2748	1	2	3
20131	12007	1	2	4
482	1191	1	2	7
120	1042	1	2	2
11742	561	1	2	4
20130	12007	1	2	9
18098	5894	1	2	2
192	290	1	2	8
259	1127	1	2	8
24806	15292	1	2	5
77777	1152	1	2	9
17925	1968	1	2	2
544	6684	1	2	8
601	6663	1	2	4
17956	1968	1	2	3
350	1021	1	2	6
17616	2486	1	2	2
24978	14069	1	2	7
449	1064	1	2	9
189	290	1	2	4
20147	12007	1	2	7
18270	1029	1	2	8
127	1042	1	2	2
17963	1968	1	2	3
12255	5266	1	2	3
17930	1968	1	2	7
5193	1133	1	2	9
163	310	1	2	4
129	1042	1	2	2
603	1088	1	2	3
466	1072	1	2	10
9346	13970	1	2	2
613	1088	1	2	7
6829	2737	1	2	3
195	1033	1	2	10
50246	271	1	2	6
12219	5266	1	2	7
1665	251311	1	2	4
501	1084	1	2	9
20137	12007	1	2	7
21330	1029	1	2	3
101	315	1	2	8
8840	13242	1	2	4
510	1040	1	2	4
21265	318	1	2	8
9339	13970	1	2	2
24254	2192	1	2	7
174	1135	1	2	8
18214	1015	1	2	8
230	278	1	2	4
371	1192	1	2	2
16115	5265	1	2	3
13117	1029	1	2	5
1126	1057	1	2	2
315	1026	1	2	2
623	1082	1	2	7
6794	2737	1	2	4
64057	5901	1	2	3
980084	1094	1	2	6
17711	4205	1	2	1
24888	14069	1	2	7
24989	15292	1	2	6
16177	12477	1	2	2
9408	12072	1	2	6
49529	6213	1	2	6
606	1088	1	2	5
18101	5894	1	2	2
9333	13970	1	2	2
63254	3115	1	2	2
1010	1093	1	2	9
76752	5511	1	2	7
97	6661	1	2	5
15914	5266	1	2	9
9336	13970	1	2	2
18294	1029	1	2	4
15970	5266	1	2	2
1707	115187	1	2	8
16147	5265	1	2	3
356	1011	1	2	5
500	1068	1	2	5
17926	1968	1	2	2
12266	5266	1	2	3
8837	15309	1	2	8
6792	2737	1	2	2
1060	1031	1	2	9
1978	115220	1	2	7
64007	12477	1	2	7
9342	13970	1	2	2
45244	12007	1	2	2
6835	83	1	2	2
18037	2748	1	2	3
1802	6679	1	2	4
24262	2192	1	2	2
260	282	1	2	5
8793	13986	1	2	2
388	1051	1	2	9
17622	2459	1	2	1
1824	115143	1	2	9
11779	561	1	2	2
18104	5894	1	2	4
9409	12072	1	2	2
1301	130	1	2	2
49413	6208	1	2	5
50319	271	1	2	6
289	1042	1	2	8
17753	120	1	2	9
15964	5266	1	2	2
137	1042	1	2	2
21313	322	1	2	8
5197	1119	1	2	9
16169	12477	1	2	2
133	1042	1	2	2
980140	1094	1	2	10
980012	1094	1	2	6
264	1127	1	2	5
261	282	1	2	5
17631	2459	1	2	3
148	304	1	2	8
3811	5410	1	2	7
105	306	1	2	8
50328	271	1	2	5
133	306	1	2	8
1714	115177	1	2	8
21303	326	1	2	9
401	1037	1	2	8
6748	2262	1	2	1
1951	1038	1	2	9
76713	2113	1	2	7
980080	1094	1	2	2
64014	12477	1	2	7
25001	15292	1	2	7
9410	12072	1	2	4
1799	115193	1	2	4
11747	561	1	2	3
959	1042	1	2	9
16106	5265	1	2	3
24908	14069	1	2	7
194	1007	1	2	2
980097	1094	1	2	4
17754	120	1	2	1
18317	1034	1	2	4
17936	1968	1	2	3
618	1082	1	2	2
18396	1029	1	2	8
9370	14210	1	2	7
49534	6213	1	2	5
76750	2566	1	2	6
17904	5901	1	2	2
255	305	1	2	4
21322	1015	1	2	8
134	1042	1	2	2
18287	1029	1	2	9
1747	6681	1	2	8
24887	14069	1	2	9
440	1055	1	2	9
50241	271	1	2	2
149	308	1	2	9
1597	115157	1	2	8
15953	5266	1	2	2
1046	115161	1	2	9
980021	1094	1	2	9
453	1064	1	2	9
12222	5266	1	2	3
504	1052	1	2	6
9335	13970	1	2	2
24944	14069	1	2	6
21312	322	1	2	4
348	1054	1	2	2
980033	1094	1	2	4
131	306	1	2	8
1741	6683	1	2	8
1837	115185	1	2	8
756	6662	1	2	8
117	1031	1	2	4
15942	5266	1	2	2
18106	2458	1	2	3
17708	4205	1	2	3
8827	15309	1	2	4
587	6691	1	2	5
980026	1094	1	2	2
18335	320	1	2	8
257	1127	1	2	8
3814	5410	1	2	7
1800	115122	1	2	9
24990	15292	1	2	5
17756	120	1	2	2
252	1127	1	2	5
63240	2356	1	2	10
17738	1597	1	2	1
1302	130	2	2	2
16116	5265	1	2	3
17983	1968	1	2	3
1810	115139	1	2	4
3804	5410	1	2	7
17614	2486	1	2	1
17903	5901	1	2	3
50321	271	1	2	2
17727	2737	1	2	3
18360	1015	1	2	2
447	1075	1	2	3
20631	5261	1	2	2
18043	2748	1	2	3
5202	1132	1	2	9
16085	5265	1	2	3
16132	5265	1	2	2
9445	14490	1	2	7
441	1194	1	2	8
573	6669	1	2	8
980112	1094	1	2	4
18218	1015	1	2	8
49455	6214	1	2	2
3812	5410	1	2	2
18273	1029	1	2	8
16173	12477	1	2	2
17969	1968	1	2	2
191	290	1	2	7
3565	15001	1	2	9
50310	271	1	2	2
21289	318	1	2	8
9999967	1030	1	2	10
980113	1094	1	2	2
76712	2113	1	2	2
53619	1018	1	2	2
24875	14069	1	2	6
980082	1094	1	2	2
18192	1015	1	2	4
76729	5511	1	2	6
21310	322	1	2	4
627	1082	1	2	3
21302	1019	1	2	9
9435	13201	1	2	6
1706	115187	1	2	4
335	1015	1	2	6
11775	561	1	2	2
16149	5265	1	2	3
1812	6679	1	2	8
16099	5265	1	2	1
50300	271	1	2	6
16021	5266	1	2	4
15995	5266	1	2	3
503	1048	1	2	3
18318	1034	1	2	4
410	1002	1	2	9
18171	1029	1	2	4
8846	15425	1	2	4
45250	12007	1	2	2
164	310	1	2	4
1327	115159	1	2	8
20143	12007	1	2	9
256	1116	1	2	5
24931	14069	1	2	6
9436	13201	1	2	6
465	1188	1	2	4
6807	2737	1	2	7
6797	2737	1	2	2
1806	115171	1	2	2
405	1002	1	2	7
1813	6679	1	2	8
184	1140	1	2	5
16123	5265	1	2	3
30693	2192	1	2	6
49415	6208	1	2	5
24985	14069	1	2	6
5196	1119	1	2	9
50036	6338	1	2	5
29920	1968	1	2	9
169	287	1	2	4
9872	2192	1	2	8
24819	15292	1	2	6
628	1082	1	2	3
3593	15565	1	2	4
17882	5901	1	2	3
1332	115159	1	2	4
11740	561	1	2	4
9398	14022	1	2	2
554	1080	1	2	3
50299	271	1	2	6
50182	274	1	2	5
1744	6683	1	2	4
1980	115124	1	2	7
592	1082	1	2	2
262	1127	1	2	8
331	1021	1	2	5
18261	1029	1	2	8
29954	15424	1	2	2
430	1035	1	2	7
547	1080	1	2	3
189	1007	1	2	2
24904	14069	1	2	6
76753	5511	1	2	6
325	1054	1	2	6
980032	1094	1	2	2
49475	6231	1	2	2
15988	5266	1	2	3
9349	13970	1	2	2
110	6661	1	2	5
980123	1094	1	2	2
134	306	1	2	8
395	1022	1	2	8
21332	1015	1	2	8
248	305	1	2	9
558	6676	1	2	8
24937	14069	1	2	6
50176	274	1	2	5
508	1040	1	2	5
553	6684	1	2	8
64009	12477	1	2	7
980107	1094	1	2	10
12248	5266	1	2	3
6832	2737	1	2	2
16013	5266	1	2	3
16140	5265	1	2	3
171	287	1	2	8
275	1127	1	2	8
5195	1119	1	2	9
1	1031	1	2	7
104	1042	1	2	9
18035	2748	1	2	2
1802	115217	1	2	9
15922	5266	1	2	3
21317	320	1	2	8
17908	5901	1	2	2
30154	303481	1	2	7
17901	5901	1	2	3
619	1082	1	2	2
123	1029	1	2	6
50308	271	1	2	5
17630	2459	1	2	3
17907	5901	1	2	2
114	1031	1	2	4
190	290	1	2	4
9367	14210	1	2	4
15948	5266	1	2	7
17935	1968	1	2	3
12225	5266	1	2	3
17913	5901	1	2	3
24938	14069	1	2	6
6866	83	1	2	4
9898	2192	1	2	2
3567	13003	1	2	8
24952	14069	1	2	9
24878	14069	1	2	7
1639	115120	1	2	8
24831	15292	1	2	2
6749	2262	1	2	3
16182	5261	1	2	7
64015	12477	1	2	7
16143	5265	1	2	1
109	314	1	2	8
438	1055	1	2	9
886	115210	1	2	9
1693	115149	1	2	4
18361	1015	1	2	9
24906	14069	1	2	6
17966	1968	1	2	9
555	1079	1	2	3
16005	5266	1	2	3
109	1042	1	2	10
9366	14210	1	2	7
279	1127	1	2	8
30139	303481	1	2	7
396	1022	1	2	9
1737	6682	1	2	8
49471	6216	1	2	5
18038	2748	1	2	3
76732	5511	1	2	6
320	1025	1	2	2
621	1082	1	2	2
548	1080	1	2	10
17964	1968	1	2	2
586	6663	1	2	8
16125	11000	1	2	2
17747	120	1	2	1
20146	12007	1	2	8
41338	633	1	2	10
434	1035	1	2	9
49464	6214	1	2	5
24890	14069	1	2	7
5288	1161	1	2	2
50333	271	1	2	2
18224	1015	1	2	4
16183	5261	1	2	7
16029	5266	1	2	3
946	1042	1	2	10
24854	15292	1	2	2
8839	15309	1	2	8
184	1027	1	2	5
1803	6679	1	2	8
30163	303481	1	2	7
18286	1034	1	2	4
64010	12477	1	2	7
6861	83	1	2	10
18177	1029	1	2	10
6871	83	1	2	4
266	1127	1	2	8
18215	1015	1	2	8
15915	5266	1	2	2
50314	271	1	2	6
195	291	1	2	8
1983	115224	1	2	7
63250	2356	1	2	10
6837	83	1	2	1
9345	13970	1	2	2
162	310	1	2	4
16175	12477	1	2	2
5200	1118	1	2	9
50229	271	1	2	5
18374	1015	1	2	4
20138	12007	1	2	8
454	1077	1	2	5
20134	12007	1	2	8
12218	5266	1	2	3
1692	115149	1	2	4
6868	83	1	2	4
17933	1968	1	2	7
24874	14069	1	2	6
16097	5265	1	2	3
9368	14210	1	2	7
6806	2737	1	2	6
50239	271	1	2	2
17954	1968	1	2	3
17972	1968	1	2	2
12220	5266	1	2	3
199	283	1	2	8
8627	15622	1	2	4
24992	15292	1	2	7
24899	14069	1	2	6
518	1067	1	2	5
17709	4205	1	2	3
353	1011	1	2	5
344	1011	1	2	5
1716	115192	1	2	7
9391	14022	1	2	2
202	297	1	2	4
980172	1097	1	2	6
17659	2737	1	2	2
17927	1968	1	2	1
29613	1036	1	2	1
21314	1028	1	2	10
11807	2192	1	2	2
1713	115198	1	2	9
980152	1094	1	2	10
885	115210	1	2	8
536	1072	1	2	8
393	1022	1	2	7
18238	1029	1	2	4
336	1017	1	2	7
306	1060	1	2	10
141	294	1	2	7
6793	2737	1	2	1
12235	5266	1	2	3
1009	1093	1	2	2
269	1127	1	2	8
579	6686	1	2	8
49537	6213	1	2	6
5209	1148	1	2	9
18219	1015	1	2	8
434	1079	1	2	9
11749	561	1	2	10
18297	1034	1	2	8
626	1082	1	2	3
17640	2737	1	2	1
24941	14069	1	2	2
1708	115187	1	2	4
980171	1097	1	2	6
1836	115185	1	2	8
588	1082	1	2	4
50262	271	1	2	5
212	212	1	2	2
9413	12072	1	2	6
30155	303481	1	2	7
16114	5265	1	2	3
615	1091	1	2	5
18406	1015	1	2	4
1686	115105	1	2	8
8541	14524	1	2	8
50236	271	1	2	6
24917	14069	1	2	6
17735	2737	1	2	7
561	1079	1	2	10
4612	1045	1	2	9
18359	1015	1	2	9
174	1005	1	2	8
50234	271	1	2	2
11744	561	1	2	1
466	1188	1	2	4
307	1060	1	2	4
1697	115108	1	2	9
9364	13892	1	2	2
11760	561	1	2	2
593	1082	1	2	3
11752	561	1	2	3
17658	2737	1	2	3
64006	12477	1	2	7
1815	115180	1	2	7
17928	1968	1	2	3
50331	271	1	2	6
16083	5265	1	2	3
1804	6679	1	2	8
9378	13367	1	2	6
446	1069	1	2	10
9999968	1030	1	2	2
50307	271	1	2	6
588	6689	1	2	6
263	282	1	2	5
50223	271	1	2	2
505	1052	1	2	6
24812	15292	1	2	5
16102	5265	1	2	3
21328	1029	1	2	10
572	6669	1	2	8
980029	1094	1	2	6
50278	271	1	2	6
471	1076	1	2	3
93	302	1	2	5
18371	1015	1	2	10
24915	14069	1	2	6
1814	6679	1	2	8
76715	2113	1	2	4
17974	1968	1	2	3
64017	12477	1	2	7
1433	143	3	2	2
17744	120	1	2	6
16049	5266	1	2	3
16148	5265	1	2	3
24065	5410	1	2	7
316	1052	1	2	6
16050	5266	1	2	3
18375	1015	1	2	9
9384	14022	1	2	2
50269	271	1	2	2
18322	1029	1	2	2
316	1059	1	2	8
5205	1132	1	2	9
67	6687	1	2	8
15966	5266	1	2	3
20150	12007	1	2	8
23	901	1	2	2
125	1031	1	2	4
543	1080	1	2	1
6820	2737	1	2	5
16154	5265	1	2	1
343	1020	1	2	6
49467	6216	1	2	5
63253	2356	1	2	2
92	1042	1	2	2
17910	5901	1	2	2
12271	5266	1	2	3
9433	13201	1	2	6
73	6687	1	2	4
15968	5266	1	2	3
980085	1094	1	2	6
15987	5266	1	2	7
64058	5901	1	2	2
556	6676	1	2	8
980030	1094	1	2	2
7	901	1	2	2
17638	2737	1	2	3
481	1076	1	2	3
17642	2737	1	2	2
478	1076	1	2	10
342	1011	1	2	5
193	290	1	2	8
1638	115137	1	2	8
185	290	1	2	8
1973	115201	1	2	3
723	1030	1	2	10
546	1080	1	2	5
49418	6208	1	2	5
164	1005	1	2	8
49425	6208	1	2	2
18328	1034	1	2	9
9873	2192	1	2	7
1783	251152	1	2	9
64012	12477	1	2	7
16055	5266	1	2	3
264	282	1	2	6
16168	12477	1	2	2
1047	115169	1	2	9
602	6664	1	2	8
24942	14069	1	2	6
1808	6680	1	2	8
24984	14069	1	2	6
18194	1015	1	2	4
8683	15531	1	2	2
16174	12477	1	2	2
6813	2737	1	2	3
601	1082	1	2	10
759	6662	1	2	8
6754	2262	1	2	3
1058	1008	1	2	10
24951	14069	1	2	6
1966	115183	1	2	7
50251	271	1	2	2
392	1022	1	2	7
251	1127	1	2	5
991	1116	1	2	5
17885	5901	1	2	2
166	285	1	2	5
186	1027	1	2	10
293	1122	1	2	5
18230	1015	1	2	4
980039	1094	1	2	10
15936	5266	1	2	3
16166	12477	1	2	2
261	1127	1	2	8
85	295	1	2	4
1815	6679	1	2	8
545	6684	1	2	8
77777	1127	1	2	8
21305	324	1	2	5
18107	2740	1	2	3
314	1015	1	2	2
160	310	1	2	4
18331	321	1	2	4
589	1082	1	2	1
8845	15425	1	2	4
21280	318	1	2	8
18282	1034	1	2	4
246	305	1	2	9
49423	6208	1	2	5
15986	5266	1	2	10
9423	12739	1	2	6
50227	271	1	2	6
338	1011	1	2	5
17957	1968	1	2	3
12223	5266	1	2	3
17899	5901	1	2	3
20152	12007	1	2	9
8542	14524	1	2	8
11782	561	1	2	2
310	1053	1	2	10
18048	2748	1	2	7
50250	271	1	2	5
18296	1034	1	2	8
64016	12477	1	2	7
12199	1014	1	2	5
8623	11870	1	2	4
24837	15292	1	2	2
339	1054	1	2	6
332	1173	1	2	9
16008	5266	1	2	1
980020	1094	1	2	6
491	1067	1	2	5
446	1188	1	2	7
15924	5266	1	2	10
64008	12477	1	2	7
16101	5265	1	2	3
439	1055	1	2	9
24816	15292	1	2	5
12249	5266	1	2	10
18193	1015	1	2	4
1801	6679	1	2	8
11784	561	1	2	6
1687	115105	1	2	7
463	1188	1	2	7
63248	2356	1	2	3
16165	12477	1	2	2
17641	2737	1	2	2
952	1042	1	2	10
10	901	1	2	2
11743	561	1	2	10
17931	1968	1	2	3
96	307	1	2	8
21271	318	1	2	8
236	299	1	2	7
499	1065	1	2	3
76749	5511	1	2	6
49480	6215	1	2	5
9369	14210	1	2	2
20634	5261	1	2	3
20635	5261	1	2	9
91	1042	1	2	2
1952	1038	1	2	9
597	1082	1	2	4
954	1042	1	2	10
30151	303481	1	2	7
1721	115163	1	2	7
9999970	1059	1	2	5
21070	1093	1	2	9
1770	6670	1	2	4
18293	1029	1	2	9
15994	5266	1	2	3
468	1076	1	2	3
24876	14069	1	2	6
9358	10187	1	2	7
15919	5266	1	2	3
11735	4064	1	2	3
18298	1034	1	2	8
24814	15292	1	2	6
91	6661	1	2	5
17970	1968	1	2	2
50037	6337	1	2	5
17902	5901	1	2	3
24	901	1	2	2
18399	1015	1	2	4
19303	1034	1	2	4
1722	115145	1	2	6
18380	1015	1	2	2
50180	274	1	2	5
124	1042	1	2	10
11755	561	1	2	3
24818	15292	1	2	7
170	1005	1	2	8
15952	5266	1	2	1
17884	5901	1	2	3
12276	5266	1	2	3
15951	5266	1	2	3
472	1076	1	2	3
9874	2192	1	2	7
24993	15292	1	2	7
17651	2737	1	2	2
11777	561	1	2	10
16051	5266	1	2	3
11741	561	1	2	1
21273	318	1	2	8
590	6690	1	2	8
12229	5266	1	2	7
962	1042	1	2	10
1003	1003	1	2	2
17976	1968	1	2	3
16167	12477	1	2	2
3798	5410	1	2	7
50222	271	1	2	2
106	6661	1	2	8
980027	1094	1	2	6
17729	2737	1	2	3
253	1127	1	2	5
12258	5266	1	2	5
17877	5901	1	2	3
21315	1047	1	2	10
50225	271	1	2	6
8838	15309	1	2	8
17967	1968	1	2	7
24920	14069	1	2	7
1696	115195	1	2	8
173	1005	1	2	8
560	6676	1	2	8
168	1005	1	2	8
21286	318	1	2	8
18354	1014	1	2	9
541	1080	1	2	4
69	6687	1	2	4
6869	83	1	2	4
1810	251391	1	2	4
242	285	1	2	8
64013	12477	1	2	7
213111	322	1	2	9
21277	318	1	2	8
30156	303481	1	2	7
1811	6682	1	2	8
9387	14022	1	2	4
1231	1050	1	2	4
74	6687	1	2	8
12200	1029	1	2	5
1820	6683	1	2	4
17871	5901	1	2	3
15918	5266	1	2	2
239	286	1	2	8
16145	5265	1	2	3
93	6661	1	2	5
16179	2861	1	2	9
1403	1009	1	2	10
566	1079	1	2	3
980108	1094	1	2	10
117	251561	1	2	4
17743	120	1	2	10
20140	12007	1	2	7
204	281	1	2	8
980154	1095	1	2	2
21274	318	1	2	8
891	115210	1	2	9
894	115210	1	2	8
24973	14069	1	2	6
50237	271	1	2	6
16024	5266	1	2	2
15978	5266	1	2	3
17748	120	1	2	2
132	306	1	2	8
17637	2737	1	2	3
16108	5265	1	2	6
50261	271	1	2	2
15941	5266	1	2	3
53501	1127	1	2	6
897	115210	1	2	8
101	6661	1	2	5
9401	14022	1	2	2
24995	15292	1	2	5
443	1051	1	2	6
50280	271	1	2	2
16090	5265	1	2	3
1807	251562	1	2	8
21268	318	1	2	8
6788	2737	1	2	2
17629	2459	1	2	1
980101	1094	1	2	2
5278	1186	1	2	9
18170	1029	1	2	4
598	1082	1	2	2
50173	272	1	2	2
136	1042	1	2	2
184	290	1	2	4
980081	1094	1	2	6
419	1002	1	2	7
157	281	1	2	8
66	6687	1	2	8
18320	1034	1	2	4
1718	115104	1	2	4
3803	5410	1	2	9
17663	2737	1	2	2
21318	325	1	2	8
958	1042	1	2	9
980019	1094	1	2	2
17987	1968	1	2	3
9437	13201	1	2	2
12236	5266	1	2	7
583	6663	1	2	8
17626	2459	1	2	1
16139	5265	1	2	3
17888	5901	1	2	2
167	1005	1	2	7
29611	1036	1	2	3
548	6684	1	2	8
3528	13946	1	2	2
1751	6683	1	2	8
103	306	1	2	8
18284	1034	1	2	4
6810	2737	1	2	3
1806	6679	1	2	8
194	290	1	2	8
12267	5266	1	2	2
1809	6680	1	2	8
1666	115131	1	2	4
253	305	1	2	4
16030	5266	1	2	7
16025	5266	1	2	3
16151	5265	1	2	3
102	6661	1	2	5
9420	12739	1	2	4
950	1042	1	2	4
24884	14069	1	2	6
18378	1015	1	2	8
1982	115181	1	2	7
24922	14069	1	2	6
17646	2737	1	2	3
19286	1034	1	2	8
961	1042	1	2	10
24829	15292	1	2	6
17951	1968	1	2	3
16042	5266	1	2	1
30148	303481	1	2	7
9392	14022	1	2	2
9396	14022	1	2	2
63220	2356	1	2	2
5343	1134	1	2	9
16092	5265	1	2	3
1691	115149	1	2	8
16153	5265	1	2	2
9388	14022	1	2	4
45247	12007	1	2	2
24066	5410	1	2	9
17732	2737	1	2	7
119	1031	1	2	5
18392	1014	1	2	4
77777	1079	1	2	8
9426	12739	1	2	2
15917	5266	1	2	3
191	1033	1	2	3
17895	5901	1	2	1
17761	120	1	2	10
17953	1968	1	2	3
24871	15292	1	2	6
17746	120	1	2	4
273	1127	1	2	8
18370	1014	1	2	8
176	290	1	2	8
1739	6683	1	2	8
163	1005	1	2	8
76725	5511	1	2	6
15992	5266	1	2	3
258	282	1	2	8
24064	5410	1	2	7
5241	1168	1	2	4
9417	12072	1	2	2
9394	14022	1	2	2
24999	15292	1	2	5
64055	5901	1	2	2
9999962	1036	1	2	10
6750	2262	1	2	3
17634	2459	1	2	1
18300	1034	1	2	8
21335	1015	1	2	8
276	1127	1	2	8
158	281	1	2	8
24930	14069	1	2	6
24839	15292	1	2	2
17978	1968	1	2	2
11774	561	1	2	2
6808	2737	1	2	3
495	1083	1	2	8
18032	2748	1	2	4
20151	12007	1	2	7
330	1011	1	2	5
17615	2486	1	2	1
11736	4064	1	2	8
24840	15292	1	2	7
76748	5511	1	2	6
352	1011	1	2	5
591	6690	1	2	5
24841	15292	1	2	2
473	1076	1	2	10
50322	271	1	2	6
980166	1096	1	2	9
15939	5266	1	2	7
50298	271	1	2	5
18182	1015	1	2	4
18242	1029	1	2	10
24909	14069	1	2	6
49527	6213	1	2	5
64011	12477	1	2	7
349	1020	1	2	5
12246	5266	1	2	4
11745	561	1	2	3
16121	5265	1	2	3
24825	15292	1	2	6
24936	14069	1	2	5
155	281	1	2	4
20636	5258	1	2	3
17605	5303	1	2	3
24914	14069	1	2	6
21300	317	1	2	4
1303	130	3	2	2
17736	2737	1	2	2
241	296	1	2	8
18100	5894	1	2	2
50316	271	1	2	6
50281	271	1	2	2
951	1042	1	2	10
1191	1191	1	2	2
18316	1034	1	2	8
305	1060	1	2	10
50324	271	1	2	2
103	1042	1	2	2
24945	14069	1	2	6
8543	14524	1	2	8
50283	271	1	2	5
16104	5265	1	2	3
1084	1031	1	2	2
980158	1096	1	2	4
11787	561	1	2	3
3540	10225	1	2	4
357	1001	1	2	5
21994	10080	1	2	7
16023	5266	1	2	4
49001	6128	1	2	6
17612	2486	1	2	1
141	1005	1	2	1
980116	1094	1	2	2
513	1067	1	2	4
980024	1094	1	2	2
11729	4064	1	2	9
198	301	1	2	4
329	1014	1	2	6
50228	271	1	2	6
18040	2748	1	2	9
17757	120	1	2	3
160	1005	1	2	9
407	1002	1	2	7
6830	2737	1	2	2
165	310	1	2	4
17745	120	1	2	1
16112	5265	1	2	3
24898	14069	1	2	6
9385	14022	1	2	2
315	1059	1	2	5
29608	1036	1	2	3
254	305	1	2	8
203	281	1	2	8
980132	1094	1	2	10
612	1088	1	2	3
9354	13970	1	2	2
1081	1036	1	2	10
9403	14022	1	2	2
18333	321	1	2	8
49531	6213	1	2	5
980090	1094	1	2	6
18189	1015	1	2	4
943	1059	1	2	10
256	311	1	2	2
15943	5266	1	2	6
3602	15565	1	2	4
18099	5894	1	2	2
18033	2748	1	2	3
172	287	1	2	8
21307	322	1	2	4
980130	1094	1	2	10
147	1005	1	2	2
5206	1132	1	2	9
116	1031	1	2	2
157	1005	1	2	2
64005	12477	1	2	7
15954	5266	1	2	3
6870	83	1	2	3
193	1039	1	2	2
353	1029	1	2	5
50289	271	1	2	2
12269	5266	1	2	3
9340	13970	1	2	2
24880	14069	1	2	6
16087	5265	1	2	3
333	1001	1	2	5
16180	5795	1	2	3
15931	5266	1	2	3
17952	1968	1	2	3
45248	12007	1	2	9
20141	12007	1	2	8
980155	1095	1	2	6
346	1011	1	2	5
49485	6224	1	2	5
408	1002	1	2	7
345	1011	1	2	5
595	1082	1	2	5
9380	13367	1	2	2
12244	5266	1	2	3
8850	14676	1	2	2
317	1052	1	2	6
6828	2737	1	2	2
549	6684	1	2	8
76	6671	1	2	8
12237	5266	1	2	3
9421	12739	1	2	6
17961	1968	1	2	2
92	6661	1	2	5
16038	5266	1	2	2
355	1011	1	2	5
980053	1094	1	2	6
17611	5303	1	2	3
8628	15622	1	2	8
821	1005	1	2	8
16103	5265	1	2	3
50291	271	1	2	5
259	282	1	2	8
9999964	1036	1	2	4
12273	5266	1	2	3
50242	271	1	2	2
460	1065	1	2	3
5201	1118	1	2	9
1684	115105	1	2	8
1816	6680	1	2	8
274	1127	1	2	8
6850	83	1	2	2
5199	1118	1	2	7
16028	5266	1	2	1
24943	14069	1	2	6
412	1002	1	2	8
9344	13970	1	2	2
277	1127	1	2	8
426	1035	1	2	7
16109	5265	1	2	3
186	290	1	2	4
17893	5901	1	2	2
887	115210	1	2	9
50238	271	1	2	6
617	1082	1	2	3
16152	5265	1	2	3
16033	5266	1	2	3
18307	1034	1	2	4
17984	1968	1	2	3
15983	5266	1	2	7
16142	5265	1	2	3
17759	120	1	2	2
1685	115105	1	2	8
24955	14069	1	2	6
1970	115197	1	2	7
24979	14069	1	2	7
18185	1015	1	2	4
50277	271	1	2	6
9341	13970	1	2	2
1694	115149	1	2	8
17968	1968	1	2	1
159	1005	1	2	4
18183	1015	1	2	9
481	1191	1	2	4
335	1048	1	2	7
1719	115186	1	2	7
21068	1093	1	2	4
201	1041	1	2	4
278	1127	1	2	8
16110	5265	1	2	1
18281	1034	1	2	8
16015	5266	1	2	2
17644	2737	1	2	2
190	1039	1	2	10
18347	1014	1	2	8
61128	12007	1	2	2
17939	1968	1	2	2
131	1042	1	2	10
17924	1968	1	2	1
50332	271	1	2	2
4	901	1	2	2
11759	561	1	2	3
9441	12442	1	2	6
16052	5266	1	2	10
11730	4064	1	2	3
130	1042	1	2	2
15947	5266	1	2	3
50301	271	1	2	2
24940	14069	1	2	6
159	310	1	2	8
12270	5266	1	2	10
341	1011	1	2	5
17662	2737	1	2	2
9438	13201	1	2	6
6876	83	1	2	4
9427	12739	1	2	5
550	6684	1	2	5
6842	83	1	2	4
502	1048	1	2	10
16002	5266	1	2	2
17617	2486	1	2	1
30153	303481	1	2	7
2	1031	1	2	2
21276	318	1	2	8
61125	12007	1	2	2
24925	14069	1	2	6
86	303	1	2	7
63241	2356	1	2	2
1771	6670	1	2	8
17977	1968	1	2	3
980011	1094	1	2	2
16113	5265	1	2	1
16107	5265	1	2	2
12254	5266	1	2	10
1752	6682	1	2	8
16136	5265	1	2	3
12259	5266	1	2	4
249	1127	1	2	8
29939	5266	1	2	3
90	1042	1	2	4
6798	2737	1	2	1
11757	561	1	2	2
46393	12007	1	2	2
50303	271	1	2	6
21319	1015	1	2	4
235	299	1	2	8
2103	210	3	2	2
113	1031	1	2	8
311	1053	1	2	10
455	1077	1	2	9
20162	12072	1	2	8
24901	14069	1	2	6
573	1081	1	2	7
63251	2356	1	2	2
8829	15309	1	2	4
24861	15292	1	2	5
6824	2737	1	2	1
329	1010	1	2	5
1736	6682	1	2	8
572	1087	1	2	1
6746	2262	1	2	1
579	1088	1	2	7
309	1053	1	2	10
280	1042	1	2	4
9440	12442	1	2	6
17942	1968	1	2	2
45956	12007	1	2	2
16131	5265	1	2	3
8685	13964	1	2	2
16172	12477	1	2	2
17755	120	1	2	3
17623	2459	1	2	1
6834	83	1	2	4
980086	1094	1	2	6
3523	15736	1	2	4
16010	5266	1	2	3
17639	2737	1	2	2
18196	1015	1	2	8
11809	2192	1	2	2
963	1042	1	2	10
20155	12007	1	2	7
50232	271	1	2	2
575	1081	1	2	8
21308	322	1	2	4
15997	5266	1	2	3
11805	2192	1	2	2
351	1040	1	2	7
232	1041	1	2	2
1657	115209	1	2	5
24892	14069	1	2	7
24911	14069	1	2	6
18372	1034	1	2	4
17660	2737	1	2	3
515	1126	1	2	9
16091	5265	1	2	1
180	281	1	2	8
340	1020	1	2	5
462	1062	1	2	3
236	1110	1	2	5
24923	14069	1	2	7
719	1058	1	2	10
611	1088	1	2	5
12256	5266	1	2	3
16004	5266	1	2	3
16089	5265	1	2	3
16170	12477	1	2	2
1738	6682	1	2	8
17728	2737	1	2	3
24092	5410	1	2	6
243	284	1	2	8
24063	5410	1	2	6
9347	13970	1	2	2
29609	1036	1	2	3
6827	2737	1	2	1
625	1082	1	2	2
49516	6216	1	2	6
1640	115206	1	2	4
9431	13201	1	2	6
15940	5266	1	2	3
6801	2737	1	2	1
18274	1029	1	2	8
126	1042	1	2	10
980141	1094	1	2	10
17751	120	1	2	3
347	1011	1	2	5
50286	271	1	2	6
18362	1014	1	2	4
953	1042	1	2	10
89	1042	1	2	4
30158	303481	1	2	5
123	1031	1	2	7
6799	2737	1	2	2
464	1072	1	2	10
24974	14069	1	2	2
29615	1036	1	2	9
9338	13970	1	2	2
20133	12007	1	2	7
30149	303481	1	2	7
1615	115204	1	2	5
138	1042	1	2	2
24972	14069	1	2	6
9904	2192	1	2	9
945	1059	1	2	5
16095	5265	1	2	3
17624	2459	1	2	1
24975	14069	1	2	4
24830	15292	1	3	1
18231	1015	1	3	2
487	1074	1	3	3
18247	1029	1	3	4
100	1042	1	3	5
30138	303481	1	3	1
18162	1014	1	3	2
734	1061	1	3	5
980092	1094	1	3	1
605	1088	1	3	6
50305	271	1	3	2
314	1059	1	3	4
2102	210	2	3	2
980025	1094	1	3	5
574	1081	1	3	7
76714	2113	1	3	1
530	1073	1	3	7
556	1079	1	3	5
18212	1015	1	3	4
21261	318	1	3	4
49519	6215	1	3	1
50177	274	1	3	1
175	285	1	3	4
50249	271	1	3	1
21262	318	1	3	8
121	1031	1	3	4
9381	14022	1	3	2
49488	6224	1	3	7
467	1070	1	3	5
18243	1029	1	3	5
584	1088	1	3	1
89	1031	1	3	8
146	275	1	3	4
3529	10807	1	3	2
50297	271	1	3	7
18202	1015	1	3	3
18305	1034	1	3	2
18232	1015	1	3	2
24903	14069	1	3	1
125	1042	1	3	2
228	279	1	3	8
98	307	1	3	4
18285	1034	1	3	8
18206	1015	1	3	3
49482	6212	1	3	1
94	302	1	3	4
607	1088	1	3	7
994	115132	1	3	4
591	1088	2	3	2
514	1067	1	3	5
483	1076	1	3	6
116	1042	1	3	3
21283	318	1	3	9
577	6685	1	3	4
49535	6213	1	3	7
604	1088	1	3	7
624	1082	1	3	6
366	1021	1	3	8
21327	1029	1	3	2
221	289	1	3	4
5194	1133	1	3	9
363	1048	1	3	1
583	1088	1	3	7
391	1044	1	3	4
3848	1057	1	3	5
291	1042	1	3	8
18217	1014	1	3	4
1807	6679	1	3	4
599	1082	1	3	8
533	1063	1	3	7
68	6687	1	3	8
15935	5266	1	3	7
18173	1029	1	3	3
49518	6215	1	3	7
76758	5254	1	3	1
331	1014	1	3	1
268	1042	1	3	1
179	1005	1	3	4
18291	1029	1	3	6
21270	318	1	3	4
272	1042	1	3	3
361	1011	1	3	1
177	281	1	3	4
218	290	1	3	1
18266	1029	1	3	8
233	1041	1	3	8
18356	1015	1	3	5
980037	1094	1	3	3
122	1042	1	3	5
49522	6224	1	3	2
18395	1014	1	3	4
50221	271	1	3	2
590	1088	1	3	1
97	307	1	3	4
18323	1029	1	3	2
206	281	1	3	4
810	1005	1	3	8
89	1005	1	3	4
24967	14069	1	3	1
112	1042	1	3	2
18234	1015	1	3	2
552	1080	1	3	7
15955	5266	1	3	6
18404	1014	1	3	4
207	281	1	3	9
24808	15292	1	3	1
63223	3115	1	3	3
233	1127	1	3	7
389	1013	1	3	4
18203	1015	1	3	3
980036	1094	1	3	1
12265	5266	1	3	6
364	1024	1	3	1
24929	14069	1	3	1
50179	274	1	3	7
46304	12007	1	3	2
30140	303481	1	3	3
178	1005	1	3	7
21275	318	1	3	4
50247	271	1	3	2
1786	115147	1	3	4
88	1005	1	3	4
275	1042	1	3	1
18252	1029	1	3	4
461	1065	1	3	5
18401	1014	1	3	8
292	1042	1	3	2
24886	14069	1	3	1
18236	1015	1	3	4
437	1055	1	3	9
24088	5410	1	3	8
18226	1015	1	3	4
770	6688	1	3	4
602	1082	1	3	2
49416	6208	1	3	7
18229	1015	1	3	4
616	1091	1	3	1
980073	1094	1	3	1
1060	1042	1	3	5
521	1067	1	3	7
576	6685	1	3	3
450	1064	1	3	4
9377	13367	1	3	2
95	1042	1	3	2
30141	303481	1	3	3
21323	1015	1	3	3
436	1035	1	3	9
49533	6213	1	3	1
50235	271	1	3	2
124	1031	1	3	4
359	1011	1	3	1
18246	1029	1	3	4
50273	271	1	3	2
18324	1029	1	3	2
50312	271	1	3	1
18184	1015	1	3	3
112	300	1	3	4
1788	115150	1	3	9
457	1077	1	3	6
18382	1014	1	3	4
211	290	1	3	4
126	303	1	3	8
544	1080	1	3	5
12277	5266	1	3	6
18304	1034	1	3	3
29912	5266	1	3	2
30142	303481	1	3	2
488	1074	1	3	2
690	1042	1	3	5
594	1089	1	3	6
16017	5266	1	3	6
18178	1014	1	3	2
118	1031	1	3	4
94	1042	1	3	6
49466	6227	1	3	2
49477	6224	1	3	7
6838	83	1	3	3
18376	1015	1	3	4
609	1088	1	3	7
49421	6208	1	3	1
222	1041	1	3	4
362	1048	1	3	1
21264	318	1	3	9
50327	271	1	3	2
24803	15292	1	3	7
831	1005	1	3	4
5361618	1018	1	3	7
944	1059	1	3	7
127	294	1	3	8
64002	11000	1	3	8
200	298	1	3	3
593	6678	1	3	4
49458	6214	1	3	7
278	1042	1	3	4
30160	303481	1	3	1
9424	12739	1	3	8
582	1088	1	3	7
87	303	1	3	8
215	290	1	3	4
2209	1032	1	3	1
18329	1034	1	3	4
980050	1094	1	3	5
18393	1034	1	3	8
948	1042	1	3	4
197	1033	1	3	5
188	1027	1	3	5
5353	1214	1	3	9
46391	12007	1	3	2
360	1011	1	3	1
18227	1015	1	3	2
523	1067	1	3	7
581	1088	1	3	7
18394	1014	1	3	4
49420	6208	1	3	7
314	1007	1	3	6
479	1076	1	3	5
622	1082	1	3	4
5192	1133	1	3	9
102	315	1	3	2
76718	2113	1	3	1
168	287	1	3	3
63224	3115	1	3	3
15973	5266	1	3	6
244	284	1	3	3
18233	1015	1	3	8
610	1088	1	3	1
18277	1029	1	3	3
111	316	1	3	4
586	1088	1	3	1
18186	1015	1	3	8
24900	14069	1	3	1
50320	271	1	3	2
45249	12007	1	3	2
980017	1094	1	3	2
9999969	1030	1	3	2
176	1005	1	3	4
482	1076	1	3	6
61129	12007	1	3	3
202	1033	1	3	7
18403	1014	1	3	8
18397	1014	1	3	8
980138	1094	1	3	2
9411	12072	1	3	2
589	6689	1	3	3
15969	5266	1	3	6
18384	1014	1	3	3
18402	1014	1	3	8
21334	1015	1	3	4
6826	2737	1	3	2
442	1055	1	3	9
16034	5266	1	3	6
49520	6224	1	3	7
578	1088	1	3	7
797	1003	1	3	5
264	1042	1	3	1
5240	1168	1	3	3
16162	13563	1	3	2
18369	1015	1	3	2
49462	6214	1	3	7
24079	5410	1	3	2
21333	1015	1	3	3
263	1042	1	3	1
540	1080	1	3	3
21279	318	1	3	9
24893	14069	1	3	2
18334	319	1	3	8
24902	14069	1	3	1
955	1042	1	3	5
18292	1029	1	3	2
580	1088	1	3	7
6833	2737	1	3	6
458	1077	1	3	6
18237	1015	1	3	8
251	305	1	3	8
18325	1029	1	3	4
9999965	1036	1	3	2
231	278	1	3	3
319	1025	1	3	2
64001	11000	1	3	8
445	1085	1	3	5
15981	5266	1	3	6
980120	1094	1	3	2
760	6662	1	3	4
30157	303481	1	3	2
267	1042	1	3	3
828	1005	1	3	4
537	1080	1	3	4
592	6678	1	3	4
577	1088	1	3	7
50315	271	1	3	1
99	307	1	3	4
18288	1029	1	3	5
68607	15997	1	3	2
12274	5266	1	3	4
980136	1094	1	3	2
18256	1029	1	3	8
9999971	1042	1	3	2
29610	1036	1	3	6
196	1033	1	3	8
18353	1014	1	3	6
50264	271	1	3	1
16020	5266	1	3	2
16160	13563	1	3	2
477	1076	1	3	6
551	1080	1	3	7
475	1076	1	3	5
18290	1029	1	3	5
46392	12007	1	3	8
5320	1186	1	3	9
217	290	1	3	8
841	6667	1	3	8
24070	5410	1	3	8
50313	271	1	3	1
21284	318	1	3	2
45252	12007	1	3	2
122	1031	1	3	4
120	1031	1	3	4
18367	1029	1	3	4
199	1033	1	3	5
585	1088	1	3	1
980018	1094	1	3	3
198	1033	1	3	7
15982	5266	1	3	2
49417	6208	1	3	7
18163	1029	1	3	3
84	1005	1	3	4
9999966	1036	1	3	5
596	1082	1	3	8
497	1065	1	3	2
49469	6216	1	3	1
50304	271	1	3	1
5107	1186	1	3	9
265	1042	1	3	1
49479	6224	1	3	7
980135	1094	1	3	3
115	1031	1	3	8
1711	115165	1	3	4
528	1073	1	3	3
459	1077	1	3	6
18289	1029	1	3	5
15971	5266	1	3	6
980159	1096	1	3	4
6831	2737	1	3	9
3806	5410	1	3	8
252	305	1	3	3
16161	13563	1	3	2
397	1037	1	3	9
49419	6208	1	3	1
758	6662	1	3	4
30136	303481	1	3	8
18228	1015	1	3	8
2101	210	1	3	2
18248	1029	1	3	4
24965	14069	1	3	2
21360	326	1	3	4
50287	271	1	3	1
294	1122	1	3	7
980103	1094	1	3	2
249	1041	1	3	3
1735	6682	1	3	4
18176	1029	1	3	8
18257	1029	1	3	8
24089	5410	1	3	8
574	6668	1	3	4
201	1007	1	3	6
365	1024	1	3	1
842	115210	1	3	4
3805	5410	1	3	8
95	309	1	3	4
50272	271	1	3	2
15930	5266	1	3	2
9443	12442	1	3	8
980098	1094	1	3	6
18272	1029	1	3	8
5208	1132	1	3	9
245	305	1	3	3
45251	12007	1	3	2
200	1033	1	3	1
12263	5266	1	3	6
18278	1034	1	3	9
469	1076	1	3	5
5352	1202	1	3	9
21267	318	1	3	9
61111	12007	1	3	3
3562	10708	1	3	8
49486	6224	1	3	7
24807	15292	1	3	7
358	1011	1	3	1
50326	271	1	3	7
600	1082	1	3	2
24804	15292	1	3	7
3599	15565	1	3	8
50174	273	1	3	2
266	1042	1	3	1
18235	1015	1	3	8
534	1063	1	3	7
176	1029	1	3	1
818	1005	1	3	4
223	297	1	3	4
107	302	1	3	8
980072	1094	1	3	1
6874	83	1	3	4
980122	1094	1	4	1
368	1048	1	4	2
18188	1015	1	4	3
517	1067	1	4	2
49460	6214	1	4	2
18264	1029	1	4	3
18213	1015	1	4	4
50257	271	1	4	2
18204	1015	1	4	4
18190	1015	1	4	5
526	1067	1	4	2
50172	273	1	4	2
224	1041	1	4	5
595	6678	1	4	3
50336	271	1	4	6
18259	1029	1	4	5
18309	1034	1	4	4
50263	271	1	4	4
180	1005	1	4	6
18172	1029	1	4	4
18200	1015	1	4	4
77778	1152	1	4	2
18301	1034	1	4	5
50175	272	1	4	2
50306	271	1	4	6
5108	1186	1	4	5
18389	1034	1	4	3
61112	12007	1	4	6
21282	318	1	4	5
559	1079	1	4	5
18198	1015	1	4	5
21266	318	1	4	5
18255	1029	1	4	5
50271	271	1	4	6
213	290	1	4	5
139	307	1	4	4
50248	271	1	4	4
18332	321	1	4	5
249	305	1	4	6
18263	1029	1	4	3
50266	271	1	4	6
18165	1029	1	4	4
61113	12007	1	4	6
371	1048	1	4	2
18208	1015	1	4	3
18398	1034	1	4	3
18364	1034	1	4	3
50260	271	1	4	6
50183	270	1	4	2
145	307	1	4	6
18377	1015	1	4	5
1819	6679	1	4	5
529	1073	1	4	2
18167	1029	1	4	4
18195	1015	1	4	3
50181	270	1	4	2
50256	271	1	4	4
1750	6683	1	4	5
18302	1034	1	4	4
50258	271	1	4	6
980100	1094	1	4	3
558	1079	1	4	5
15975	5266	1	4	6
18311	1034	1	4	3
50317	271	1	4	2
205	281	1	4	5
18260	1029	1	4	3
227	279	1	4	5
225	288	1	4	5
18258	1029	1	4	5
564	1079	1	4	1
980075	1094	1	4	1
219	310	1	4	4
140	313	1	4	3
18251	1029	1	4	5
578	6685	1	4	3
565	1079	1	4	1
61114	12007	1	4	3
18315	1034	1	4	5
18383	1014	1	4	5
531	1073	1	4	2
161	310	1	4	3
25000	15292	1	4	3
226	279	1	4	3
18390	1029	1	4	1
18175	1029	1	4	4
50259	271	1	4	4
115	1042	1	4	1
372	1048	1	4	2
18314	1034	1	4	3
18199	1015	1	4	4
143	293	1	4	6
18321	1034	1	4	3
9999963	1036	1	4	3
370	1021	1	4	2
50253	271	1	4	6
520	1067	1	4	2
724	1030	1	4	1
18400	1015	1	4	5
18249	1029	1	4	5
5185	1079	1	4	4
50311	271	1	4	2
956	1042	1	4	5
61115	12007	1	4	6
50233	271	1	4	2
209	281	1	4	3
369	1048	1	4	2
587	1088	1	4	2
18201	1015	1	4	6
367	1048	1	4	2
18253	1029	1	4	5
18207	1015	1	4	3
18363	1034	1	4	4
21263	318	1	4	5
18388	1034	1	4	4
101	1042	1	4	3
18205	1015	1	4	4
576	1081	1	4	1
18211	1015	1	4	4
18166	1029	1	4	4
50265	271	1	4	6
18210	1015	1	4	4
50254	271	1	4	6
9999973	1042	1	4	1
18312	1034	1	4	3
18168	1029	1	4	4
50184	270	1	4	2
19306	1034	1	4	4
51851	1079	1	4	4
18169	1029	1	4	4
21316	320	1	4	5
50268	271	1	4	6
105	1042	1	4	1
580	6686	1	4	3
208	281	1	4	5
527	1067	1	4	2
50224	271	1	4	2
594	6678	1	4	3
173	287	1	4	4
50267	271	1	4	6
18250	1029	1	4	5
608	1088	1	4	2
18308	1034	1	4	4
18327	1029	1	4	3
220	278	1	4	5
18164	1029	1	4	4
18209	1015	1	4	4
18387	1034	1	4	3
9350	13970	1	5	1
6814	2737	1	5	2
563	1079	1	5	2
76726	5511	1	5	1
435	1035	1	5	2
18187	1015	1	5	3
980077	1094	1	5	2
45245	12007	1	5	1
9412	12072	1	5	1
474	1076	1	5	3
18365	1014	1	5	3
9405	12074	1	5	1
17652	2737	1	5	3
18350	1014	1	5	3
9414	12072	1	5	2
381	1166	1	5	3
17896	5901	1	5	3
980131	1094	1	5	3
17905	5901	1	5	3
18160	1029	1	5	3
9415	12072	1	5	1
110	1042	1	5	2
144	1005	1	5	3
980044	1094	1	5	1
9432	13201	1	5	1
76760	5511	1	5	1
980119	1094	1	5	1
980046	1094	1	5	1
999992	1036	1	5	3
431	1079	1	5	3
9434	13201	1	5	1
6734	2262	1	5	2
6742	2262	1	5	2
1101	1031	1	5	3
96	1042	1	5	3
1075	1031	1	5	3
980070	1094	1	5	3
980163	1096	1	5	2
18	1188	1	5	1
151	1005	1	5	1
17603	5303	1	5	3
18368	1014	1	5	3
928	1049	1	5	3
980056	1094	1	5	3
980065	1094	1	5	3
980139	1094	1	5	3
980161	1096	1	5	2
16084	5265	1	5	3
980041	1094	1	5	1
980095	1094	1	5	1
980115	1094	1	5	1
17712	4205	1	5	2
485	1076	1	5	3
980049	1094	1	5	3
980146	1094	1	5	2
980060	1094	1	5	1
6802	2737	1	5	3
5344	1134	1	5	2
619	1093	1	5	3
18405	1014	1	5	3
313	1007	1	5	3
152	1005	1	5	1
1079	1056	1	5	3
63238	3115	1	5	2
980087	1094	1	5	1
18187	1014	1	5	3
1072	1031	1	5	3
76755	5511	1	5	1
162	1005	1	5	1
6336	1009	1	5	2
7374	1041	1	5	2
166	1029	1	5	1
155	1005	1	5	1
18269	1029	1	5	3
980071	1094	1	5	1
7376	1041	1	5	2
98	1042	1	5	3
949	1042	1	5	2
124	1029	1	5	1
980168	1096	1	5	2
145	1005	1	5	1
18391	1014	1	5	2
980134	1094	1	5	2
76728	5511	1	5	1
18346	1029	1	5	2
16	1081	1	5	1
980042	1094	1	5	2
18352	1015	1	5	3
18240	1029	1	5	2
154	1005	1	5	2
486	1076	1	5	2
6733	2262	1	5	2
150	1005	1	5	2
980045	1094	1	5	1
7	1056	1	5	1
484	1076	1	5	3
980062	1094	1	5	1
9406	12072	1	5	1
108	1042	1	5	2
18366	1015	1	5	2
24102	2192	1	5	1
2208	1032	1	5	1
1405	1009	1	5	3
45253	12007	1	5	1
102	1042	1	5	3
441	1055	1	5	2
17919	5901	1	5	3
148	1005	1	5	1
17900	5901	1	5	3
64	1029	1	5	1
980169	1097	1	5	1
121	1042	1	5	3
980162	1096	1	5	2
9337	13970	1	5	1
980093	1094	1	5	1
999994	1036	1	5	2
63247	2356	1	5	2
980043	1094	1	5	1
17944	1968	1	5	3
158	1005	1	5	2
177	1005	1	5	1
1404	1009	1	5	3
980047	1094	1	5	3
24087	5410	1	5	2
980054	1094	1	5	3
9407	12072	1	5	1
6739	2262	1	5	2
16096	5265	1	5	2
999997	1030	1	5	3
18357	1015	1	5	3
76722	5511	1	5	1
17758	120	1	5	3
17891	5901	1	5	2
11808	2192	1	5	1
81	1029	1	5	1
332	1015	1	5	1
980164	1096	1	5	2
18348	1029	1	5	2
143	1005	1	5	3
980128	1094	1	5	3
980066	1094	1	5	1
980114	1094	1	5	3
980143	1094	1	5	3
1071	1031	1	5	3
61124	12007	1	5	1
133	1029	1	5	1
17946	1968	1	5	3
21329	1029	1	5	2
6337	1009	1	5	2
17627	2459	1	5	2
17980	1968	1	5	3
63222	3115	1	5	3
1085	1031	1	5	3
97	1042	1	5	3
16126	5265	1	5	2
1102	1031	1	5	3
980076	1094	1	5	1
980055	1094	1	5	3
114	1042	1	5	2
1406	1009	1	5	2
161	1005	1	5	2
18351	1014	1	5	3
12239	5266	1	5	3
17909	5901	1	5	2
17602	5303	1	5	3
980059	1094	1	5	3
980064	1094	1	5	1
980022	1094	1	5	1
106	1042	1	5	3
542	1080	1	5	2
119	1042	1	5	3
17981	1968	1	5	2
999991	1036	1	5	2
18191	1014	1	5	2
456	1077	1	5	3
980068	1094	1	5	3
166	1005	1	5	2
76724	5511	1	5	1
240	1113	1	5	1
999995	1030	1	5	3
18268	1029	1	5	2
980167	1096	1	5	2
118	1042	1	5	2
480	1076	1	5	3
1082	1031	1	5	3
980125	1094	1	5	3
980067	1094	1	5	1
16098	5265	1	5	2
107	1042	1	5	3
376	1029	1	5	1
113	1042	1	5	3
76730	5511	1	5	2
1074	1031	1	5	3
980069	1094	1	5	1
17898	5901	1	5	2
146	1005	1	5	1
175	1005	1	5	1
2210	1012	1	5	1
9386	14022	1	5	1
204	204	1	5	1
17920	5901	1	5	3
980105	1094	1	5	2
93	1042	1	5	3
153	1005	1	5	2
16134	5265	1	5	3
980160	1096	1	5	2
165	1005	1	5	3
21064	1093	1	5	3
169	1005	1	5	3
15933	5266	1	5	3
14072	1009	1	5	2
980133	1094	1	5	3
1083	1031	1	5	3
123	1042	1	5	3
980147	1094	1	5	2
980118	1094	1	5	3
980052	1094	1	5	3
18267	1029	1	5	3
9893	2192	1	5	1
9397	14022	1	5	1
980035	1094	1	5	1
24882	14069	1	5	1
7372	1041	1	5	3
15976	5266	1	5	3
11739	561	1	5	3
18241	1029	1	5	3
101	1093	1	5	3
980040	1094	1	5	1
980127	1094	1	5	3
145	1029	1	5	1
17918	5901	1	5	2
88	1042	1	5	3
18349	1029	1	5	3
7375	1041	1	5	2
980124	1094	1	5	3
1076	1031	1	5	3
999993	1036	1	5	3
205	1029	1	5	1
149	1005	1	5	1
45246	12007	1	5	1
980145	1094	1	5	2
319	1015	1	5	1
6338	1009	1	5	2
6335	1009	1	5	2
333	1014	1	5	1
140	1005	1	5	1
980153	1094	1	5	2
980051	1094	1	5	2
980063	1094	1	5	2
980074	1094	1	5	1
1073	1031	1	5	3
11750	561	1	5	2
980170	1097	1	5	1
85	1042	1	5	3
371	1029	1	5	1
7381	1041	1	5	2
76731	5511	1	5	1
7373	1041	1	5	2
156	1005	1	5	1
771	1004	1	5	2
172	1029	1	5	1
142	1005	1	5	2
444	1051	1	5	1
308	1060	1	5	3
18373	1015	1	5	2
312	1014	1	5	1
18355	1014	1	5	3
980121	1094	1	5	3
980061	1094	1	5	1
29	901	1	5	2
6339	1009	1	5	2
9416	12072	1	5	1
30147	303481	1	5	1
30159	303481	1	5	1
1	901	1	6	1
525	1067	1	6	1
8	901	1	6	1
20	901	1	6	1
212	290	1	6	1
214	290	1	6	1
50284	271	1	6	1
11	901	1	6	1
16	901	1	6	1
210	290	1	6	1
26	901	1	6	1
15	901	1	6	1
22	901	1	6	1
16040	5266	1	6	1
12	901	1	6	1
17	901	1	6	1
18	901	1	6	1
2	901	2	6	1
21269	318	1	6	1
49456	6214	1	6	1
19	901	1	6	1
14	901	1	6	1
3	901	3	6	1
21	901	2	6	1
1012	1012	1	6	1
25	901	1	6	1
27	901	1	6	1
20632	5261	1	6	1
509	1040	1	6	1
229	292	1	6	1
9	901	1	6	1
13	901	1	6	1
